{
  "type": "minecraft:jigsaw",
  "start_pool": "companions:companions_pools/companions_babayaga_pool",
  "size": 2,
  "max_distance_from_center": 80,
  "biomes": "#minecraft:is_swamp",
  "step": "surface_structures",
  "start_height": {
    "absolute": 0
  },
  "project_start_to_heightmap": "WORLD_SURFACE_WG",
  "use_expansion_hack": false,
  "spawn_overrides": {
    "creature": {
      "bounding_box": "piece",
      "spawns": [
        {
          "type": "minecraft:pillager",
          "maxCount": 1,
          "minCount": 1,
          "weight": 1
        },
        {
          "type": "minecraft:witch",
          "maxCount": 1,
          "minCount": 1,
          "weight": 1
        }
      ]
    }
  }
}