{
  "variants": {
    "": [
      {
        "model": "minecraft:block/vanilla/azure_bluet/grown_azure_bluet_1"
      },
      {
        "model": "minecraft:block/vanilla/azure_bluet/grown_azure_bluet_2"
      },
      {
        "model": "minecraft:block/vanilla/azure_bluet/grown_azure_bluet_3"
      },
      {
        "model": "minecraft:block/vanilla/azure_bluet/grown_azure_bluet_4"
      },
      {
        "model": "minecraft:block/vanilla/azure_bluet/grown_azure_bluet_5"
      }
    ]
  }
}