{
  "variants": {
    "": [
      {
        "model": "minecraft:block/vanilla/cornflower/grown_cornflower_1"
      },
      {
        "model": "minecraft:block/vanilla/cornflower/grown_cornflower_2"
      },
      {
        "model": "minecraft:block/vanilla/cornflower/grown_cornflower_3"
      },
      {
        "model": "minecraft:block/vanilla/cornflower/grown_cornflower_4"
      },
      {
        "model": "minecraft:block/vanilla/cornflower/grown_cornflower_5"
      }
    ]
  }
}