{
  "variants": {
    "": [
      {
        "model": "minecraft:block/vanilla/pink_tulip/grown_pink_tulip_1"
      },
      {
        "model": "minecraft:block/vanilla/pink_tulip/grown_pink_tulip_2"
      },
      {
        "model": "minecraft:block/vanilla/pink_tulip/grown_pink_tulip_3"
      },
      {
        "model": "minecraft:block/vanilla/pink_tulip/grown_pink_tulip_4"
      },
      {
        "model": "minecraft:block/vanilla/pink_tulip/grown_pink_tulip_5"
      }
    ]
  }
}