{
  "variants": {
    "": [
      {
        "model": "minecraft:block/vanilla/torchflower/grown_torchflower_1"
      },
      {
        "model": "minecraft:block/vanilla/torchflower/grown_torchflower_2"
      },
      {
        "model": "minecraft:block/vanilla/torchflower/grown_torchflower_3"
      },
      {
        "model": "minecraft:block/vanilla/torchflower/grown_torchflower_4"
      },
      {
        "model": "minecraft:block/vanilla/torchflower/grown_torchflower_5"
      }
    ]
  }
}