{
  "variants": {
    "": [
      {
        "model": "minecraft:block/vanilla/white_tulip/grown_white_tulip_1"
      },
      {
        "model": "minecraft:block/vanilla/white_tulip/grown_white_tulip_2"
      },
      {
        "model": "minecraft:block/vanilla/white_tulip/grown_white_tulip_3"
      },
      {
        "model": "minecraft:block/vanilla/white_tulip/grown_white_tulip_4"
      },
      {
        "model": "minecraft:block/vanilla/white_tulip/grown_white_tulip_5"
      }
    ]
  }
}