{
  "type": "minecraft:jigsaw",
  "biomes": "#trek:disabled",
  "project_start_to_heightmap": "MOTION_BLOCKING_NO_LEAVES",
  "max_distance_from_center": 64,
  "size": 2,
  "spawn_overrides": {
    "ambient": {
      "bounding_box": "full",
      "spawns": []
    },
    "monster": {
      "bounding_box": "full",
      "spawns": []
    }
  },
  "start_height": {
    "absolute": -11
  },
  "start_pool": "trek:overworld/rare/villager_island",
  "step": "surface_structures",
  "terrain_adaptation": "none",
  "use_expansion_hack": false
}