{
	"format_version": "1.21.6",
	"credit": "Made with Blockbench",
	"ambientocclusion": false,
	"textures": {
		"4": "block/redstone_torch_off",
		"5": "block/redstone_flame",
		"slab": "block/smooth_stone",
		"particle": "block/comparator_on",
		"top": "block/comparator_on",
		"lit": "block/redstone_torch"
	},
	"elements": [
		{
			"from": [0, 0, 0],
			"to": [16, 2, 16],
			"faces": {
				"north": {"uv": [0, 14, 16, 16], "texture": "#slab", "cullface": "north"},
				"east": {"uv": [0, 14, 16, 16], "texture": "#slab", "cullface": "east"},
				"south": {"uv": [0, 14, 16, 16], "texture": "#slab", "cullface": "south"},
				"west": {"uv": [0, 14, 16, 16], "texture": "#slab", "cullface": "west"},
				"up": {"uv": [0, 0, 16, 16], "texture": "#top"},
				"down": {"uv": [0, 0, 16, 16], "texture": "#slab", "cullface": "down"}
			}
		},
		{
			"name": "redsww",
			"from": [10, 2, 11],
			"to": [12, 7, 13],
			"shade": false,
			"light_emission": 5,
			"rotation": {"angle": 0, "axis": "y", "origin": [10, 2, 11]},
			"faces": {
				"north": {"uv": [8, 5, 9, 7.5], "texture": "#lit"},
				"east": {"uv": [8, 5, 9, 7.5], "texture": "#lit"},
				"south": {"uv": [8, 5, 9, 7.5], "texture": "#lit"},
				"west": {"uv": [8, 5, 9, 7.5], "texture": "#lit"},
				"up": {"uv": [8, 5, 9, 6], "texture": "#lit"},
				"down": {"uv": [8, 9, 9, 10], "texture": "#lit"}
			}
		},
		{
			"name": "redsww",
			"from": [3, 4, 13.1],
			"to": [19, 20, 13.1],
			"shade": false,
			"light_emission": 5,
			"rotation": {"angle": 0, "axis": "y", "origin": [3, 4, 13]},
			"faces": {
				"north": {"uv": [0, 0, 16, 16], "texture": "#5"},
				"east": {"uv": [0, 0, 0, 10], "texture": "#5"},
				"south": {"uv": [0, 0, 16, 16], "texture": "#5"},
				"west": {"uv": [0, 0, 0, 10], "texture": "#5"},
				"up": {"uv": [8, 0, 0, 0], "texture": "#5"},
				"down": {"uv": [8, 0, 0, 0], "texture": "#5"}
			}
		},
		{
			"name": "redsww",
			"light_emission": 5,
			"from": [3, 4, 10.9],
			"to": [19, 20, 10.9],
			"shade": false,
			"rotation": {"angle": 0, "axis": "y", "origin": [3, 4, 11]},
			"faces": {
				"north": {"uv": [0, 0, 16, 16], "texture": "#5"},
				"east": {"uv": [0, 0, 0, 10], "texture": "#5"},
				"south": {"uv": [0, 0, 16, 16], "texture": "#5"},
				"west": {"uv": [0, 0, 0, 10], "texture": "#5"},
				"up": {"uv": [8, 0, 0, 0], "texture": "#5"},
				"down": {"uv": [8, 0, 0, 0], "texture": "#5"}
			}
		},
		{
			"name": "redsww",
			"light_emission": 5,
			"from": [12.1, 4, 4],
			"to": [12.1, 20, 20],
			"shade": false,
			"rotation": {"angle": 0, "axis": "y", "origin": [12, 9, 8]},
			"faces": {
				"north": {"uv": [0, 0, 0, 10], "texture": "#5"},
				"east": {"uv": [0, 0, 16, 16], "texture": "#5"},
				"south": {"uv": [0, 0, 0, 10], "texture": "#5"},
				"west": {"uv": [0, 0, 16, 16], "texture": "#5"},
				"up": {"uv": [0, 8, 0, 0], "texture": "#5"},
				"down": {"uv": [0, 0, 0, 8], "texture": "#5"}
			}
		},
		{
			"name": "redsww",
			"light_emission": 5,
			"from": [9.9, 4, 4],
			"to": [9.9, 20, 20],
			"shade": false,
			"rotation": {"angle": 0, "axis": "y", "origin": [10, 9, 8]},
			"faces": {
				"north": {"uv": [0, 0, 0, 10], "texture": "#5"},
				"east": {"uv": [0, 0, 16, 16], "texture": "#5"},
				"south": {"uv": [0, 0, 0, 10], "texture": "#5"},
				"west": {"uv": [0, 0, 16, 16], "texture": "#5"},
				"up": {"uv": [0, 8, 0, 0], "texture": "#5"},
				"down": {"uv": [0, 0, 0, 8], "texture": "#5"}
			}
		},
		{
			"name": "redsww",
			"light_emission": 5,
			"from": [-3, 4, 13.1],
			"to": [13, 20, 13.1],
			"shade": false,
			"rotation": {"angle": 0, "axis": "y", "origin": [-3, 4, 13]},
			"faces": {
				"north": {"uv": [0, 0, 16, 16], "texture": "#5"},
				"east": {"uv": [0, 0, 0, 10], "texture": "#5"},
				"south": {"uv": [0, 0, 16, 16], "texture": "#5"},
				"west": {"uv": [0, 0, 0, 10], "texture": "#5"},
				"up": {"uv": [8, 0, 0, 0], "texture": "#5"},
				"down": {"uv": [8, 0, 0, 0], "texture": "#5"}
			}
		},
		{
			"name": "redsww",
			"light_emission": 5,
			"from": [-3, 4, 10.9],
			"to": [13, 20, 10.9],
			"shade": false,
			"rotation": {"angle": 0, "axis": "y", "origin": [-3, 4, 11]},
			"faces": {
				"north": {"uv": [0, 0, 16, 16], "texture": "#5"},
				"east": {"uv": [0, 0, 0, 10], "texture": "#5"},
				"south": {"uv": [0, 0, 16, 16], "texture": "#5"},
				"west": {"uv": [0, 0, 0, 10], "texture": "#5"},
				"up": {"uv": [8, 0, 0, 0], "texture": "#5"},
				"down": {"uv": [8, 0, 0, 0], "texture": "#5"}
			}
		},
		{
			"name": "redsww",
			"light_emission": 5,
			"from": [6.1, 4, 4],
			"to": [6.1, 20, 20],
			"shade": false,
			"rotation": {"angle": 0, "axis": "y", "origin": [6, 9, 8]},
			"faces": {
				"north": {"uv": [0, 0, 0, 10], "texture": "#5"},
				"east": {"uv": [0, 0, 16, 16], "texture": "#5"},
				"south": {"uv": [0, 0, 0, 10], "texture": "#5"},
				"west": {"uv": [0, 0, 16, 16], "texture": "#5"},
				"up": {"uv": [0, 8, 0, 0], "texture": "#5"},
				"down": {"uv": [0, 0, 0, 8], "texture": "#5"}
			}
		},
		{
			"name": "redsww",
			"light_emission": 5,
			"from": [3.9, 4, 4],
			"to": [3.9, 20, 20],
			"shade": false,
			"rotation": {"angle": 0, "axis": "y", "origin": [4, 9, 8]},
			"faces": {
				"north": {"uv": [0, 0, 0, 10], "texture": "#5"},
				"east": {"uv": [0, 0, 16, 16], "texture": "#5"},
				"south": {"uv": [0, 0, 0, 10], "texture": "#5"},
				"west": {"uv": [0, 0, 16, 16], "texture": "#5"},
				"up": {"uv": [0, 8, 0, 0], "texture": "#5"},
				"down": {"uv": [0, 0, 0, 8], "texture": "#5"}
			}
		},
		{
			"name": "redsww",
			"light_emission": 5,
			"from": [4, 2, 11],
			"to": [6, 7, 13],
			"shade": false,
			"rotation": {"angle": 0, "axis": "y", "origin": [4, 2, 11]},
			"faces": {
				"north": {"uv": [8, 5, 9, 7.5], "texture": "#lit"},
				"east": {"uv": [8, 5, 9, 7.5], "texture": "#lit"},
				"south": {"uv": [8, 5, 9, 7.5], "texture": "#lit"},
				"west": {"uv": [8, 5, 9, 7.5], "texture": "#lit"},
				"up": {"uv": [8, 5, 9, 6], "texture": "#lit"},
				"down": {"uv": [8, 9, 9, 10], "texture": "#lit"}
			}
		},
		{
			"from": [7, 2, 2],
			"to": [9, 4, 4],
			"faces": {
				"north": {"uv": [8, 5, 9, 6], "texture": "#4"},
				"east": {"uv": [8, 5, 9, 6], "texture": "#4"},
				"south": {"uv": [8, 5, 9, 6], "texture": "#4"},
				"west": {"uv": [8, 5, 9, 6], "texture": "#4"},
				"up": {"uv": [8, 5, 9, 6], "texture": "#4"},
				"down": {"uv": [8, 5, 9, 6], "texture": "#4"}
			}
		}
	],
	"groups": [
		0,
		{
			"name": "comp",
			"origin": [10, 2, 11],
			"color": 0,
			"children": [
				1,
				{
					"name": "group",
					"origin": [4, 6, 8],
					"color": 0,
					"children": [2, 3, 4, 5]
				},
				{
					"name": "group",
					"origin": [4, 6, 8],
					"color": 0,
					"children": [6, 7, 8, 9]
				},
				10,
				11
			]
		}
	]
}