{
	"credit": "Made with Blockbench",
	"texture_size": [32, 32],
	"textures": {
		"0": "block/copper_torch",
		"1": "block/copper_flame",
		"particle": "block/torch_particle"
	},
	"elements": [
		{
			"from": [-0.93853, 10.7, 8],
			"to": [15.06147, 26.7, 8],
			"shade": false,
			"rotation": {"angle": -22.5, "axis": "z", "origin": [5.80028, 21.0506, 8]},
			"faces": {
				"north": {"uv": [0, 0, 16, 16], "texture": "#1"},
				"east": {"uv": [0, 0, 0, 5], "texture": "#1"},
				"south": {"uv": [0, 0, 16, 16], "texture": "#1"},
				"west": {"uv": [0, 0, 0, 5], "texture": "#1"},
				"up": {"uv": [4, 0, 0, 0], "texture": "#1"},
				"down": {"uv": [4, 0, 0, 0], "texture": "#1"}
			}
		},
		{
			"from": [5.53909, 10, 0],
			"to": [5.53909, 26, 16],
			"shade": false,
			"rotation": {"angle": -22.5, "axis": "z", "origin": [6.80028, 17.0506, 8]},
			"faces": {
				"north": {"uv": [0, 0, 0, 5], "texture": "#1"},
				"east": {"uv": [0, 0, 16, 16], "texture": "#1"},
				"south": {"uv": [0, 0, 0, 5], "texture": "#1"},
				"west": {"uv": [0, 0, 16, 16], "texture": "#1"},
				"up": {"uv": [0, 4, 0, 0], "texture": "#1"},
				"down": {"uv": [0, 0, 0, 4], "texture": "#1"}
			}
		},
		{
			"from": [-1, 4, 7],
			"to": [1, 14, 9],
			"shade": false,
			"rotation": {"angle": -22.5, "axis": "z", "origin": [-1, 4, 7]},
			"faces": {
				"north": {"uv": [8, 0, 9, 5], "texture": "#0"},
				"east": {"uv": [8, 5, 9, 10], "texture": "#0"},
				"south": {"uv": [9, 0, 10, 5], "texture": "#0"},
				"west": {"uv": [9, 5, 10, 10], "texture": "#0"},
				"up": {"uv": [2.5, 11, 1.5, 10], "texture": "#0"},
				"down": {"uv": [11, 1.5, 10, 2.5], "texture": "#0"}
			}
		},
		{
			"from": [-0.7, 11.15, 6.5],
			"to": [2.3, 12.15, 9.5],
			"shade": false,
			"rotation": {"angle": -22.5, "axis": "z", "origin": [-1, 6, 7]},
			"faces": {
				"north": {"uv": [2.5, 10, 4, 10.5], "texture": "#0"},
				"east": {"uv": [10, 2.5, 11.5, 3], "texture": "#0"},
				"south": {"uv": [10, 3, 11.5, 3.5], "texture": "#0"},
				"west": {"uv": [10, 3.5, 11.5, 4], "texture": "#0"},
				"up": {"uv": [1.5, 11.5, 0, 10], "texture": "#0"},
				"down": {"uv": [11.5, 0, 10, 1.5], "texture": "#0"}
			}
		}
	],
	"display": {
		"thirdperson_righthand": {
			"translation": [0, 5, 1.25]
		},
		"thirdperson_lefthand": {
			"translation": [0, 5, 1.25]
		},
		"firstperson_righthand": {
			"rotation": [-21.17, 9.84, 2],
			"translation": [1.5, 4.75, 0]
		},
		"firstperson_lefthand": {
			"rotation": [-21.17, 9.84, 2],
			"translation": [1.5, 4.75, 0]
		},
		"ground": {
			"translation": [0, 4.5, 0]
		},
		"gui": {
			"translation": [0, 1, 0],
			"scale": [1.12, 1.12, 1.12]
		},
		"head": {
			"translation": [0, 15.25, 0]
		}
	},
	"groups": [
		{
			"name": "group",
			"origin": [7, 0, 7],
			"color": 0,
			"nbt": "{}",
			"children": [
				{
					"name": "group",
					"origin": [4, 6, 8],
					"color": 0,
					"nbt": "{}",
					"children": [0, 1]
				},
				2,
				3
			]
		}
	]
}