{
	"credit": "Made with Blockbench",
	"ambientocclusion": false,
	"textures": {
		"4": "block/redstone_flame",
		"slab": "block/smooth_stone",
		"particle": "block/repeater_on",
		"top": "block/repeater_on",
		"lit": "block/redstone_torch",
		"lock": "block/bedrock"
	},
	"elements": [
		{
			"from": [0, 0, 0],
			"to": [16, 2, 16],
			"faces": {
				"north": {"uv": [0, 14, 16, 16], "texture": "#slab", "cullface": "north"},
				"east": {"uv": [0, 14, 16, 16], "texture": "#slab", "cullface": "east"},
				"south": {"uv": [0, 14, 16, 16], "texture": "#slab", "cullface": "south"},
				"west": {"uv": [0, 14, 16, 16], "texture": "#slab", "cullface": "west"},
				"up": {"uv": [0, 0, 16, 16], "texture": "#top"},
				"down": {"uv": [0, 0, 16, 16], "texture": "#slab", "cullface": "down"}
			}
		},
		{
			"from": [2, 2, 10],
			"to": [14, 4, 12],
			"faces": {
				"north": {"uv": [2, 7, 14, 9], "texture": "#lock"},
				"east": {"uv": [6, 7, 8, 9], "texture": "#lock"},
				"south": {"uv": [2, 7, 14, 9], "texture": "#lock"},
				"west": {"uv": [6, 7, 8, 9], "texture": "#lock"},
				"up": {"uv": [7, 2, 9, 14], "rotation": 90, "texture": "#lock"},
				"down": {"uv": [7, 2, 9, 14], "rotation": 90, "texture": "#lock"}
			}
		},
		{
			"from": [7, 2, 2],
			"to": [9, 7, 4],
			"rotation": {"angle": 0, "axis": "y", "origin": [7, 2, 2]},
			"faces": {
				"north": {"uv": [8, 5, 9, 7.5], "texture": "#lit"},
				"east": {"uv": [8, 5, 9, 7.5], "texture": "#lit"},
				"south": {"uv": [8, 5, 9, 7.5], "texture": "#lit"},
				"west": {"uv": [8, 5, 9, 7.5], "texture": "#lit"},
				"up": {"uv": [8, 5, 9, 6], "texture": "#lit"},
				"down": {"uv": [8, 9, 9, 10], "texture": "#lit"}
			}
		},
		{
			"from": [0, 4, 4.1],
			"to": [16, 20, 4.1],
			"rotation": {"angle": 0, "axis": "y", "origin": [0, 4, 4]},
			"faces": {
				"north": {"uv": [0, 0, 16, 16], "texture": "#4"},
				"east": {"uv": [0, 0, 0, 10], "texture": "#4"},
				"south": {"uv": [0, 0, 16, 16], "texture": "#4"},
				"west": {"uv": [0, 0, 0, 10], "texture": "#4"},
				"up": {"uv": [8, 0, 0, 0], "texture": "#4"},
				"down": {"uv": [8, 0, 0, 0], "texture": "#4"}
			}
		},
		{
			"from": [0, 4, 1.9],
			"to": [16, 20, 1.9],
			"rotation": {"angle": 0, "axis": "y", "origin": [0, 4, 2]},
			"faces": {
				"north": {"uv": [0, 0, 16, 16], "texture": "#4"},
				"east": {"uv": [0, 0, 0, 10], "texture": "#4"},
				"south": {"uv": [0, 0, 16, 16], "texture": "#4"},
				"west": {"uv": [0, 0, 0, 10], "texture": "#4"},
				"up": {"uv": [8, 0, 0, 0], "texture": "#4"},
				"down": {"uv": [8, 0, 0, 0], "texture": "#4"}
			}
		},
		{
			"from": [9.1, 4, -5],
			"to": [9.1, 20, 11],
			"rotation": {"angle": 0, "axis": "y", "origin": [9, 9, -1]},
			"faces": {
				"north": {"uv": [0, 0, 0, 10], "texture": "#4"},
				"east": {"uv": [0, 0, 16, 16], "texture": "#4"},
				"south": {"uv": [0, 0, 0, 10], "texture": "#4"},
				"west": {"uv": [0, 0, 16, 16], "texture": "#4"},
				"up": {"uv": [0, 8, 0, 0], "texture": "#4"},
				"down": {"uv": [0, 0, 0, 8], "texture": "#4"}
			}
		},
		{
			"from": [6.9, 4, -5],
			"to": [6.9, 20, 11],
			"rotation": {"angle": 0, "axis": "y", "origin": [7, 9, -1]},
			"faces": {
				"north": {"uv": [0, 0, 0, 10], "texture": "#4"},
				"east": {"uv": [0, 0, 16, 16], "texture": "#4"},
				"south": {"uv": [0, 0, 0, 10], "texture": "#4"},
				"west": {"uv": [0, 0, 16, 16], "texture": "#4"},
				"up": {"uv": [0, 8, 0, 0], "texture": "#4"},
				"down": {"uv": [0, 0, 0, 8], "texture": "#4"}
			}
		}
	],
	"groups": [
		0,
		1,
		2,
		{
			"name": "group",
			"origin": [4, 6, 8],
			"color": 0,
			"children": [3, 4, 5, 6]
		}
	]
}