{
	"credit": "Made with Blockbench",
	"ambientocclusion": false,
	"textures": {
		"3": "block/redstone_flame",
		"slab": "block/smooth_stone",
		"particle": "block/repeater_on",
		"top": "block/repeater_on",
		"lit": "block/redstone_torch"
	},
	"elements": [
		{
			"from": [0, 0, 0],
			"to": [16, 2, 16],
			"faces": {
				"north": {"uv": [0, 14, 16, 16], "texture": "#slab", "cullface": "north"},
				"east": {"uv": [0, 14, 16, 16], "texture": "#slab", "cullface": "east"},
				"south": {"uv": [0, 14, 16, 16], "texture": "#slab", "cullface": "south"},
				"west": {"uv": [0, 14, 16, 16], "texture": "#slab", "cullface": "west"},
				"up": {"uv": [0, 0, 16, 16], "texture": "#top"},
				"down": {"uv": [0, 0, 16, 16], "texture": "#slab", "cullface": "down"}
			}
		},
		{
			"from": [0, 4, 13.1],
			"to": [16, 20, 13.1],
			"shade": false,
			"light_emission": 5,
			"rotation": {"angle": 0, "axis": "y", "origin": [0, 4, 13]},
			"faces": {
				"north": {"uv": [0, 0, 16, 16], "texture": "#3"},
				"east": {"uv": [0, 0, 0, 10], "texture": "#3"},
				"south": {"uv": [0, 0, 16, 16], "texture": "#3"},
				"west": {"uv": [0, 0, 0, 10], "texture": "#3"},
				"up": {"uv": [8, 0, 0, 0], "texture": "#3"},
				"down": {"uv": [8, 0, 0, 0], "texture": "#3"}
			}
		},
		{
			"from": [0, 4, 10.9],
			"to": [16, 20, 10.9],
			"shade": false,
			"light_emission": 5,
			"rotation": {"angle": 0, "axis": "y", "origin": [0, 4, 11]},
			"faces": {
				"north": {"uv": [0, 0, 16, 16], "texture": "#3"},
				"east": {"uv": [0, 0, 0, 10], "texture": "#3"},
				"south": {"uv": [0, 0, 16, 16], "texture": "#3"},
				"west": {"uv": [0, 0, 0, 10], "texture": "#3"},
				"up": {"uv": [8, 0, 0, 0], "texture": "#3"},
				"down": {"uv": [8, 0, 0, 0], "texture": "#3"}
			}
		},
		{
			"from": [9.1, 4, 4],
			"to": [9.1, 20, 20],
			"shade": false,
			"light_emission": 5,
			"rotation": {"angle": 0, "axis": "y", "origin": [9, 9, 8]},
			"faces": {
				"north": {"uv": [0, 0, 0, 10], "texture": "#3"},
				"east": {"uv": [0, 0, 16, 16], "texture": "#3"},
				"south": {"uv": [0, 0, 0, 10], "texture": "#3"},
				"west": {"uv": [0, 0, 16, 16], "texture": "#3"},
				"up": {"uv": [0, 8, 0, 0], "texture": "#3"},
				"down": {"uv": [0, 0, 0, 8], "texture": "#3"}
			}
		},
		{
			"from": [6.9, 4, 4],
			"to": [6.9, 20, 20],
			"shade": false,
			"light_emission": 5,
			"rotation": {"angle": 0, "axis": "y", "origin": [7, 9, 8]},
			"faces": {
				"north": {"uv": [0, 0, 0, 10], "texture": "#3"},
				"east": {"uv": [0, 0, 16, 16], "texture": "#3"},
				"south": {"uv": [0, 0, 0, 10], "texture": "#3"},
				"west": {"uv": [0, 0, 16, 16], "texture": "#3"},
				"up": {"uv": [0, 8, 0, 0], "texture": "#3"},
				"down": {"uv": [0, 0, 0, 8], "texture": "#3"}
			}
		},
		{
			"from": [7, 2, 11],
			"to": [9, 7, 13],
			"shade": false,
			"light_emission": 5,
			"rotation": {"angle": 0, "axis": "y", "origin": [7, 2, 11]},
			"faces": {
				"north": {"uv": [8, 5, 9, 7.5], "texture": "#lit"},
				"east": {"uv": [8, 5, 9, 7.5], "texture": "#lit"},
				"south": {"uv": [8, 5, 9, 7.5], "texture": "#lit"},
				"west": {"uv": [8, 5, 9, 7.5], "texture": "#lit"},
				"up": {"uv": [8, 5, 9, 6], "texture": "#lit"},
				"down": {"uv": [8, 9, 9, 10], "texture": "#lit"}
			}
		},
		{
			"from": [0, 4, 4.1],
			"to": [16, 20, 4.1],
			"shade": false,
			"light_emission": 5,
			"rotation": {"angle": 0, "axis": "y", "origin": [0, 4, 4]},
			"faces": {
				"north": {"uv": [0, 0, 16, 16], "texture": "#3"},
				"east": {"uv": [0, 0, 0, 10], "texture": "#3"},
				"south": {"uv": [0, 0, 16, 16], "texture": "#3"},
				"west": {"uv": [0, 0, 0, 10], "texture": "#3"},
				"up": {"uv": [8, 0, 0, 0], "texture": "#3"},
				"down": {"uv": [8, 0, 0, 0], "texture": "#3"}
			}
		},
		{
			"from": [0, 4, 1.9],
			"to": [16, 20, 1.9],
			"shade": false,
			"light_emission": 5,
			"rotation": {"angle": 0, "axis": "y", "origin": [0, 4, 2]},
			"faces": {
				"north": {"uv": [0, 0, 16, 16], "texture": "#3"},
				"east": {"uv": [0, 0, 0, 10], "texture": "#3"},
				"south": {"uv": [0, 0, 16, 16], "texture": "#3"},
				"west": {"uv": [0, 0, 0, 10], "texture": "#3"},
				"up": {"uv": [8, 0, 0, 0], "texture": "#3"},
				"down": {"uv": [8, 0, 0, 0], "texture": "#3"}
			}
		},
		{
			"from": [9.1, 4, -5],
			"to": [9.1, 20, 11],
			"shade": false,
			"light_emission": 5,
			"rotation": {"angle": 0, "axis": "y", "origin": [9, 9, -1]},
			"faces": {
				"north": {"uv": [0, 0, 0, 10], "texture": "#3"},
				"east": {"uv": [0, 0, 16, 16], "texture": "#3"},
				"south": {"uv": [0, 0, 0, 10], "texture": "#3"},
				"west": {"uv": [0, 0, 16, 16], "texture": "#3"},
				"up": {"uv": [0, 8, 0, 0], "texture": "#3"},
				"down": {"uv": [0, 0, 0, 8], "texture": "#3"}
			}
		},
		{
			"from": [6.9, 4, -5],
			"to": [6.9, 20, 11],
			"shade": false,
			"light_emission": 5,
			"rotation": {"angle": 0, "axis": "y", "origin": [7, 9, -1]},
			"faces": {
				"north": {"uv": [0, 0, 0, 10], "texture": "#3"},
				"east": {"uv": [0, 0, 16, 16], "texture": "#3"},
				"south": {"uv": [0, 0, 0, 10], "texture": "#3"},
				"west": {"uv": [0, 0, 16, 16], "texture": "#3"},
				"up": {"uv": [0, 8, 0, 0], "texture": "#3"},
				"down": {"uv": [0, 0, 0, 8], "texture": "#3"}
			}
		},
		{
			"from": [7, 2, 2],
			"to": [9, 7, 4],
			"shade": false,
			"light_emission": 5,
			"rotation": {"angle": 0, "axis": "y", "origin": [7, 2, 2]},
			"faces": {
				"north": {"uv": [8, 5, 9, 7.5], "texture": "#lit"},
				"east": {"uv": [8, 5, 9, 7.5], "texture": "#lit"},
				"south": {"uv": [8, 5, 9, 7.5], "texture": "#lit"},
				"west": {"uv": [8, 5, 9, 7.5], "texture": "#lit"},
				"up": {"uv": [8, 5, 9, 6], "texture": "#lit"},
				"down": {"uv": [8, 9, 9, 10], "texture": "#lit"}
			}
		}
	],
	"groups": [
		0,
		{
			"name": "1",
			"origin": [7, 2, 2],
			"color": 0,
			"children": [
				{
					"name": "group",
					"origin": [4, 6, 8],
					"color": 0,
					"children": [1, 2, 3, 4]
				},
				5
			]
		},
		{
			"name": "1",
			"origin": [7, 2, 2],
			"color": 0,
			"children": [
				{
					"name": "group",
					"origin": [4, 6, 8],
					"color": 0,
					"children": [6, 7, 8, 9]
				},
				10
			]
		}
	]
}