{
	"format_version": "1.9.0",
	"credit": "Made by bebebea_loste with Blockbench",
	"parent": "block/thin_block",
	"textures": {
		"particle": "#wool"
	},
	"elements": [
		{
			"name": "carpet block",
			"from": [0, 0, 0],
			"to": [16, 1, 16],
			"faces": {
				"north": {"uv": [0, 15, 16, 16], "texture": "#wool", "cullface": "north"},
				"east": {"uv": [0, 15, 16, 16], "texture": "#wool", "cullface": "east"},
				"south": {"uv": [0, 15, 16, 16], "texture": "#wool", "cullface": "south"},
				"west": {"uv": [0, 15, 16, 16], "texture": "#wool", "cullface": "west"},
				"up": {"uv": [0, 0, 16, 16], "texture": "#wool"},
				"down": {"uv": [0, 0, 16, 16], "texture": "#wool", "cullface": "down"}
			}
		},
		{
			"from": [12, 1, -1],
			"to": [14, 1, 0],
			"rotation": {"angle": -22.5, "axis": "x", "origin": [12, 1, 0]},
			"faces": {
				"up": {"uv": [14, 0, 16, 1], "texture": "#wool"}
			}
		},
		{
			"from": [0, 1, -1],
			"to": [2, 1, 0],
			"rotation": {"angle": -22.5, "axis": "x", "origin": [0, 1, 0]},
			"faces": {
				"up": {"uv": [2, 0, 4, 1], "texture": "#wool"}
			}
		},
		{
			"from": [4, 1, -1],
			"to": [6, 1, 0],
			"rotation": {"angle": -22.5, "axis": "x", "origin": [4, 1, 0]},
			"faces": {
				"up": {"uv": [6, 0, 8, 1], "texture": "#wool"}
			}
		},
		{
			"from": [8, 1, -1],
			"to": [10, 1, 0],
			"rotation": {"angle": -22.5, "axis": "x", "origin": [8, 1, 0]},
			"faces": {
				"up": {"uv": [10, 0, 12, 1], "texture": "#wool"}
			}
		},
		{
			"from": [14, 1, 16],
			"to": [16, 1, 17],
			"rotation": {"angle": 22.5, "axis": "x", "origin": [2, 1, 16]},
			"faces": {
				"up": {"uv": [12, 15, 14, 16], "texture": "#wool"}
			}
		},
		{
			"from": [2, 1, 16],
			"to": [4, 1, 17],
			"rotation": {"angle": 22.5, "axis": "x", "origin": [2, 1, 16]},
			"faces": {
				"up": {"uv": [0, 15, 2, 16], "texture": "#wool"}
			}
		},
		{
			"from": [6, 1, 16],
			"to": [8, 1, 17],
			"rotation": {"angle": 22.5, "axis": "x", "origin": [2, 1, 16]},
			"faces": {
				"up": {"uv": [4, 15, 6, 16], "texture": "#wool"}
			}
		},
		{
			"from": [10, 1, 16],
			"to": [12, 1, 17],
			"rotation": {"angle": 22.5, "axis": "x", "origin": [2, 1, 16]},
			"faces": {
				"up": {"uv": [8, 15, 10, 16], "texture": "#wool"}
			}
		},
		{
			"from": [-1, 1, 14],
			"to": [0, 1, 16],
			"rotation": {"angle": 22.5, "axis": "z", "origin": [0, 1, 2]},
			"faces": {
				"up": {"uv": [0, 12, 1, 14], "rotation": 180, "texture": "#wool"}
			}
		},
		{
			"from": [-1, 1, 2],
			"to": [0, 1, 4],
			"rotation": {"angle": 22.5, "axis": "z", "origin": [0, 1, 2]},
			"faces": {
				"up": {"uv": [0, 0, 1, 2], "rotation": 180, "texture": "#wool"}
			}
		},
		{
			"from": [-1, 1, 6],
			"to": [0, 1, 8],
			"rotation": {"angle": 22.5, "axis": "z", "origin": [0, 1, 2]},
			"faces": {
				"up": {"uv": [0, 4, 1, 6], "rotation": 180, "texture": "#wool"}
			}
		},
		{
			"from": [-1, 1, 10],
			"to": [0, 1, 12],
			"rotation": {"angle": 22.5, "axis": "z", "origin": [0, 1, 2]},
			"faces": {
				"up": {"uv": [0, 8, 1, 10], "rotation": 180, "texture": "#wool"}
			}
		},
		{
			"from": [16, 1, 12],
			"to": [17, 1, 14],
			"rotation": {"angle": -22.5, "axis": "z", "origin": [16, 1, 0]},
			"faces": {
				"up": {"uv": [15, 14, 16, 16], "rotation": 180, "texture": "#wool"}
			}
		},
		{
			"from": [16, 1, 0],
			"to": [17, 1, 2],
			"rotation": {"angle": -22.5, "axis": "z", "origin": [16, 1, 0]},
			"faces": {
				"up": {"uv": [15, 2, 16, 4], "rotation": 180, "texture": "#wool"}
			}
		},
		{
			"from": [16, 1, 4],
			"to": [17, 1, 6],
			"rotation": {"angle": -22.5, "axis": "z", "origin": [16, 1, 0]},
			"faces": {
				"up": {"uv": [15, 6, 16, 8], "rotation": 180, "texture": "#wool"}
			}
		},
		{
			"from": [16, 1, 8],
			"to": [17, 1, 10],
			"rotation": {"angle": -22.5, "axis": "z", "origin": [16, 1, 0]},
			"faces": {
				"up": {"uv": [15, 10, 16, 12], "rotation": 180, "texture": "#wool"}
			}
		},
		{
			"from": [14, 1.25, 1],
			"to": [16, 1.25, 3],
			"rotation": {"angle": 0, "axis": "z", "origin": [14, 1.25, 1]},
			"faces": {
				"up": {"uv": [14, 1, 16, 3], "texture": "#wool"}
			}
		},
		{
			"from": [0, 1.25, 0],
			"to": [2, 1.25, 2],
			"rotation": {"angle": 0, "axis": "y", "origin": [0, 0.25, 0]},
			"faces": {
				"up": {"uv": [0, 0, 2, 2], "texture": "#wool"}
			}
		},
		{
			"from": [2, 1.25, 1],
			"to": [4, 1.25, 3],
			"rotation": {"angle": 0, "axis": "y", "origin": [2, 0.25, 1]},
			"faces": {
				"up": {"uv": [2, 1, 4, 3], "texture": "#wool"}
			}
		},
		{
			"from": [4, 1.25, 0],
			"to": [6, 1.25, 2],
			"rotation": {"angle": 0, "axis": "y", "origin": [4, 0.25, 0]},
			"faces": {
				"up": {"uv": [4, 0, 6, 2], "texture": "#wool"}
			}
		},
		{
			"from": [6, 1.25, 1],
			"to": [8, 1.25, 3],
			"rotation": {"angle": 0, "axis": "y", "origin": [6, 0.25, 1]},
			"faces": {
				"up": {"uv": [6, 1, 8, 3], "texture": "#wool"}
			}
		},
		{
			"from": [8, 1.25, 0],
			"to": [10, 1.25, 2],
			"rotation": {"angle": 0, "axis": "y", "origin": [8, 0.25, 0]},
			"faces": {
				"up": {"uv": [8, 0, 10, 2], "texture": "#wool"}
			}
		},
		{
			"from": [10, 1.25, 1],
			"to": [12, 1.25, 3],
			"rotation": {"angle": 0, "axis": "y", "origin": [10, 0.25, 1]},
			"faces": {
				"up": {"uv": [10, 1, 12, 3], "texture": "#wool"}
			}
		},
		{
			"from": [12, 1.25, 0],
			"to": [14, 1.25, 2],
			"rotation": {"angle": 0, "axis": "y", "origin": [12, 0.25, 0]},
			"faces": {
				"up": {"uv": [12, 0, 14, 2], "texture": "#wool"}
			}
		},
		{
			"from": [14, 1.25, 5],
			"to": [16, 1.25, 7],
			"rotation": {"angle": 0, "axis": "y", "origin": [14, 0.25, 5]},
			"faces": {
				"up": {"uv": [14, 5, 16, 7], "texture": "#wool"}
			}
		},
		{
			"from": [0, 1.25, 4],
			"to": [2, 1.25, 6],
			"rotation": {"angle": 0, "axis": "y", "origin": [0, 0.25, 4]},
			"faces": {
				"up": {"uv": [0, 4, 2, 6], "texture": "#wool"}
			}
		},
		{
			"from": [2, 1.25, 5],
			"to": [4, 1.25, 7],
			"rotation": {"angle": 0, "axis": "y", "origin": [2, 0.25, 5]},
			"faces": {
				"up": {"uv": [2, 5, 4, 7], "texture": "#wool"}
			}
		},
		{
			"from": [4, 1.25, 4],
			"to": [6, 1.25, 6],
			"rotation": {"angle": 0, "axis": "y", "origin": [4, 0.25, 4]},
			"faces": {
				"up": {"uv": [4, 4, 6, 6], "texture": "#wool"}
			}
		},
		{
			"from": [6, 1.25, 5],
			"to": [8, 1.25, 7],
			"rotation": {"angle": 0, "axis": "y", "origin": [6, 0.25, 5]},
			"faces": {
				"up": {"uv": [6, 5, 8, 7], "texture": "#wool"}
			}
		},
		{
			"from": [8, 1.25, 4],
			"to": [10, 1.25, 6],
			"rotation": {"angle": 0, "axis": "y", "origin": [8, 0.25, 4]},
			"faces": {
				"up": {"uv": [8, 4, 10, 6], "texture": "#wool"}
			}
		},
		{
			"from": [10, 1.25, 5],
			"to": [12, 1.25, 7],
			"rotation": {"angle": 0, "axis": "y", "origin": [10, 0.25, 5]},
			"faces": {
				"up": {"uv": [10, 5, 12, 7], "texture": "#wool"}
			}
		},
		{
			"from": [12, 1.25, 4],
			"to": [14, 1.25, 6],
			"rotation": {"angle": 0, "axis": "y", "origin": [12, 0.25, 4]},
			"faces": {
				"up": {"uv": [12, 4, 14, 6], "texture": "#wool"}
			}
		},
		{
			"from": [14, 1.25, 9],
			"to": [16, 1.25, 11],
			"rotation": {"angle": 0, "axis": "y", "origin": [14, 0.25, 9]},
			"faces": {
				"up": {"uv": [14, 9, 16, 11], "texture": "#wool"}
			}
		},
		{
			"from": [0, 1.25, 8],
			"to": [2, 1.25, 10],
			"rotation": {"angle": 0, "axis": "y", "origin": [0, 0.25, 8]},
			"faces": {
				"up": {"uv": [0, 8, 2, 10], "texture": "#wool"}
			}
		},
		{
			"from": [2, 1.25, 9],
			"to": [4, 1.25, 11],
			"rotation": {"angle": 0, "axis": "y", "origin": [2, 0.25, 9]},
			"faces": {
				"up": {"uv": [2, 9, 4, 11], "texture": "#wool"}
			}
		},
		{
			"from": [4, 1.25, 8],
			"to": [6, 1.25, 10],
			"rotation": {"angle": 0, "axis": "y", "origin": [4, 0.25, 8]},
			"faces": {
				"up": {"uv": [4, 8, 6, 10], "texture": "#wool"}
			}
		},
		{
			"from": [6, 1.25, 9],
			"to": [8, 1.25, 11],
			"rotation": {"angle": 0, "axis": "y", "origin": [6, 0.25, 9]},
			"faces": {
				"up": {"uv": [6, 9, 8, 11], "texture": "#wool"}
			}
		},
		{
			"from": [8, 1.25, 8],
			"to": [10, 1.25, 10],
			"rotation": {"angle": 0, "axis": "y", "origin": [8, 0.25, 8]},
			"faces": {
				"up": {"uv": [8, 8, 10, 10], "texture": "#wool"}
			}
		},
		{
			"from": [10, 1.25, 9],
			"to": [12, 1.25, 11],
			"rotation": {"angle": 0, "axis": "y", "origin": [10, 0.25, 9]},
			"faces": {
				"up": {"uv": [10, 9, 12, 11], "texture": "#wool"}
			}
		},
		{
			"from": [12, 1.25, 8],
			"to": [14, 1.25, 10],
			"rotation": {"angle": 0, "axis": "y", "origin": [12, 0.25, 8]},
			"faces": {
				"up": {"uv": [12, 8, 14, 10], "texture": "#wool"}
			}
		},
		{
			"from": [14, 1.25, 13],
			"to": [16, 1.25, 15],
			"rotation": {"angle": 0, "axis": "y", "origin": [14, 0.25, 13]},
			"faces": {
				"up": {"uv": [14, 13, 16, 15], "texture": "#wool"}
			}
		},
		{
			"from": [0, 1.25, 12],
			"to": [2, 1.25, 14],
			"rotation": {"angle": 0, "axis": "y", "origin": [0, 0.25, 12]},
			"faces": {
				"up": {"uv": [0, 12, 2, 14], "texture": "#wool"}
			}
		},
		{
			"from": [2, 1.25, 13],
			"to": [4, 1.25, 15],
			"rotation": {"angle": 0, "axis": "y", "origin": [2, 0.25, 13]},
			"faces": {
				"up": {"uv": [2, 13, 4, 15], "texture": "#wool"}
			}
		},
		{
			"from": [4, 1.25, 12],
			"to": [6, 1.25, 14],
			"rotation": {"angle": 0, "axis": "y", "origin": [4, 0.25, 12]},
			"faces": {
				"up": {"uv": [4, 12, 6, 14], "texture": "#wool"}
			}
		},
		{
			"from": [6, 1.25, 13],
			"to": [8, 1.25, 15],
			"rotation": {"angle": 0, "axis": "y", "origin": [6, 0.25, 13]},
			"faces": {
				"up": {"uv": [6, 13, 8, 15], "texture": "#wool"}
			}
		},
		{
			"from": [8, 1.25, 12],
			"to": [10, 1.25, 14],
			"rotation": {"angle": 0, "axis": "y", "origin": [8, 0.25, 12]},
			"faces": {
				"up": {"uv": [8, 12, 10, 14], "texture": "#wool"}
			}
		},
		{
			"from": [10, 1.25, 13],
			"to": [12, 1.25, 15],
			"rotation": {"angle": 0, "axis": "y", "origin": [10, 0.25, 13]},
			"faces": {
				"up": {"uv": [10, 13, 12, 15], "texture": "#wool"}
			}
		},
		{
			"from": [12, 1.25, 12],
			"to": [14, 1.25, 14],
			"rotation": {"angle": 0, "axis": "y", "origin": [12, 0.25, 12]},
			"faces": {
				"up": {"uv": [12, 12, 14, 14], "texture": "#wool"}
			}
		}
	],
	"groups": [
		0,
		{
			"name": "fringes",
			"origin": [12, 1, 0],
			"color": 0,
			"children": [
				{
					"name": "north",
					"origin": [12, 1, 0],
					"color": 0,
					"children": [1, 2, 3, 4]
				},
				{
					"name": "south",
					"origin": [12, 1, 0],
					"color": 0,
					"children": [5, 6, 7, 8]
				},
				{
					"name": "west",
					"origin": [12, 1, 0],
					"color": 0,
					"children": [9, 10, 11, 12]
				},
				{
					"name": "east",
					"origin": [12, 1, 0],
					"color": 0,
					"children": [13, 14, 15, 16]
				}
			]
		},
		{
			"name": "fluff overlay",
			"origin": [14, 1, 1],
			"color": 0,
			"children": [
				{
					"name": "layer 1",
					"origin": [14, 1, 1],
					"color": 0,
					"children": [17, 18, 19, 20, 21, 22, 23, 24]
				},
				{
					"name": "layer 2",
					"origin": [14, 1, 1],
					"color": 0,
					"children": [25, 26, 27, 28, 29, 30, 31, 32]
				},
				{
					"name": "layer 3",
					"origin": [14, 1, 1],
					"color": 0,
					"children": [33, 34, 35, 36, 37, 38, 39, 40]
				},
				{
					"name": "layer 4",
					"origin": [14, 1, 1],
					"color": 0,
					"children": [41, 42, 43, 44, 45, 46, 47, 48]
				}
			]
		}
	]
}