{
	"format_version": "1.9.0",
	"credit": "Made by bebebea_loste with Blockbench",
	"parent": "block/block",
	"textures": {
		"particle": "#texture",
		"texture": "#texture"
	},
	"elements": [
		{
			"from": [0, 0, 0],
			"to": [16, 16, 16],
			"faces": {
				"north": {"uv": [0, 0, 16, 16], "texture": "#texture", "cullface": "north"},
				"east": {"uv": [0, 0, 16, 16], "texture": "#texture", "cullface": "east"},
				"south": {"uv": [0, 0, 16, 16], "texture": "#texture", "cullface": "south"},
				"west": {"uv": [0, 0, 16, 16], "texture": "#texture", "cullface": "west"},
				"up": {"uv": [0, 0, 16, 16], "texture": "#texture", "cullface": "up"},
				"down": {"uv": [0, 0, 16, 16], "texture": "#texture", "cullface": "down"}
			}
		},
		{
			"from": [14, 16.25, 2],
			"to": [16, 16.25, 4],
			"rotation": {"angle": 0, "axis": "y", "origin": [0, 16.25, 0]},
			"faces": {
				"up": {"uv": [14, 2, 16, 4], "texture": "#texture"}
			}
		},
		{
			"from": [0, 16.25, 0],
			"to": [2, 16.25, 2],
			"rotation": {"angle": 0, "axis": "y", "origin": [0, 16.25, 0]},
			"faces": {
				"up": {"uv": [0, 0, 2, 2], "texture": "#texture"}
			}
		},
		{
			"from": [2, 16.25, 2],
			"to": [4, 16.25, 4],
			"rotation": {"angle": 0, "axis": "y", "origin": [0, 16.25, 0]},
			"faces": {
				"up": {"uv": [2, 2, 4, 4], "texture": "#texture"}
			}
		},
		{
			"from": [4, 16.25, 0],
			"to": [6, 16.25, 2],
			"rotation": {"angle": 0, "axis": "y", "origin": [0, 16.25, 0]},
			"faces": {
				"up": {"uv": [4, 0, 6, 2], "texture": "#texture"}
			}
		},
		{
			"from": [6, 16.25, 2],
			"to": [8, 16.25, 4],
			"rotation": {"angle": 0, "axis": "y", "origin": [0, 16.25, 0]},
			"faces": {
				"up": {"uv": [6, 2, 8, 4], "texture": "#texture"}
			}
		},
		{
			"from": [8, 16.25, 0],
			"to": [10, 16.25, 2],
			"rotation": {"angle": 0, "axis": "y", "origin": [0, 16.25, 0]},
			"faces": {
				"up": {"uv": [8, 0, 10, 2], "texture": "#texture"}
			}
		},
		{
			"from": [10, 16.25, 2],
			"to": [12, 16.25, 4],
			"rotation": {"angle": 0, "axis": "y", "origin": [0, 16.25, 0]},
			"faces": {
				"up": {"uv": [10, 2, 12, 4], "texture": "#texture"}
			}
		},
		{
			"from": [12, 16.25, 0],
			"to": [14, 16.25, 2],
			"rotation": {"angle": 0, "axis": "y", "origin": [0, 16.25, 0]},
			"faces": {
				"up": {"uv": [12, 0, 14, 2], "texture": "#texture"}
			}
		},
		{
			"from": [14, 16.25, 6],
			"to": [16, 16.25, 8],
			"rotation": {"angle": 0, "axis": "y", "origin": [0, 16.25, 0]},
			"faces": {
				"up": {"uv": [14, 6, 16, 8], "texture": "#texture"}
			}
		},
		{
			"from": [0, 16.25, 4],
			"to": [2, 16.25, 6],
			"rotation": {"angle": 0, "axis": "y", "origin": [0, 16.25, 0]},
			"faces": {
				"up": {"uv": [0, 4, 2, 6], "texture": "#texture"}
			}
		},
		{
			"from": [2, 16.25, 6],
			"to": [4, 16.25, 8],
			"rotation": {"angle": 0, "axis": "y", "origin": [0, 16.25, 0]},
			"faces": {
				"up": {"uv": [2, 6, 4, 8], "texture": "#texture"}
			}
		},
		{
			"from": [4, 16.25, 4],
			"to": [6, 16.25, 6],
			"rotation": {"angle": 0, "axis": "y", "origin": [0, 16.25, 0]},
			"faces": {
				"up": {"uv": [4, 4, 6, 6], "texture": "#texture"}
			}
		},
		{
			"from": [6, 16.25, 6],
			"to": [8, 16.25, 8],
			"rotation": {"angle": 0, "axis": "y", "origin": [0, 16.25, 0]},
			"faces": {
				"up": {"uv": [6, 6, 8, 8], "texture": "#texture"}
			}
		},
		{
			"from": [8, 16.25, 4],
			"to": [10, 16.25, 6],
			"rotation": {"angle": 0, "axis": "y", "origin": [0, 16.25, 0]},
			"faces": {
				"up": {"uv": [8, 4, 10, 6], "texture": "#texture"}
			}
		},
		{
			"from": [10, 16.25, 6],
			"to": [12, 16.25, 8],
			"rotation": {"angle": 0, "axis": "y", "origin": [0, 16.25, 0]},
			"faces": {
				"up": {"uv": [10, 6, 12, 8], "texture": "#texture"}
			}
		},
		{
			"from": [12, 16.25, 4],
			"to": [14, 16.25, 6],
			"rotation": {"angle": 0, "axis": "y", "origin": [0, 16.25, 0]},
			"faces": {
				"up": {"uv": [12, 4, 14, 6], "texture": "#texture"}
			}
		},
		{
			"from": [14, 16.25, 10],
			"to": [16, 16.25, 12],
			"rotation": {"angle": 0, "axis": "y", "origin": [0, 16.25, 0]},
			"faces": {
				"up": {"uv": [14, 10, 16, 12], "texture": "#texture"}
			}
		},
		{
			"from": [0, 16.25, 8],
			"to": [2, 16.25, 10],
			"rotation": {"angle": 0, "axis": "y", "origin": [0, 16.25, 0]},
			"faces": {
				"up": {"uv": [0, 8, 2, 10], "texture": "#texture"}
			}
		},
		{
			"from": [2, 16.25, 10],
			"to": [4, 16.25, 12],
			"rotation": {"angle": 0, "axis": "y", "origin": [0, 16.25, 0]},
			"faces": {
				"up": {"uv": [2, 10, 4, 12], "texture": "#texture"}
			}
		},
		{
			"from": [4, 16.25, 8],
			"to": [6, 16.25, 10],
			"rotation": {"angle": 0, "axis": "y", "origin": [0, 16.25, 0]},
			"faces": {
				"up": {"uv": [4, 8, 6, 10], "texture": "#texture"}
			}
		},
		{
			"from": [6, 16.25, 10],
			"to": [8, 16.25, 12],
			"rotation": {"angle": 0, "axis": "y", "origin": [0, 16.25, 0]},
			"faces": {
				"up": {"uv": [6, 10, 8, 12], "texture": "#texture"}
			}
		},
		{
			"from": [8, 16.25, 8],
			"to": [10, 16.25, 10],
			"rotation": {"angle": 0, "axis": "y", "origin": [0, 16.25, 0]},
			"faces": {
				"up": {"uv": [8, 8, 10, 10], "texture": "#texture"}
			}
		},
		{
			"from": [10, 16.25, 10],
			"to": [12, 16.25, 12],
			"rotation": {"angle": 0, "axis": "y", "origin": [0, 16.25, 0]},
			"faces": {
				"up": {"uv": [10, 10, 12, 12], "texture": "#texture"}
			}
		},
		{
			"from": [12, 16.25, 8],
			"to": [14, 16.25, 10],
			"rotation": {"angle": 0, "axis": "y", "origin": [0, 16.25, 0]},
			"faces": {
				"up": {"uv": [12, 8, 14, 10], "texture": "#texture"}
			}
		},
		{
			"from": [14, 16.25, 14],
			"to": [16, 16.25, 16],
			"rotation": {"angle": 0, "axis": "y", "origin": [0, 16.25, 0]},
			"faces": {
				"up": {"uv": [14, 14, 16, 16], "texture": "#texture"}
			}
		},
		{
			"from": [0, 16.25, 12],
			"to": [2, 16.25, 14],
			"rotation": {"angle": 0, "axis": "y", "origin": [0, 16.25, 0]},
			"faces": {
				"up": {"uv": [0, 12, 2, 14], "texture": "#texture"}
			}
		},
		{
			"from": [2, 16.25, 14],
			"to": [4, 16.25, 16],
			"rotation": {"angle": 0, "axis": "y", "origin": [0, 16.25, 0]},
			"faces": {
				"up": {"uv": [2, 14, 4, 16], "texture": "#texture"}
			}
		},
		{
			"from": [4, 16.25, 12],
			"to": [6, 16.25, 14],
			"rotation": {"angle": 0, "axis": "y", "origin": [0, 16.25, 0]},
			"faces": {
				"up": {"uv": [4, 12, 6, 14], "texture": "#texture"}
			}
		},
		{
			"from": [6, 16.25, 14],
			"to": [8, 16.25, 16],
			"rotation": {"angle": 0, "axis": "y", "origin": [0, 16.25, 0]},
			"faces": {
				"up": {"uv": [6, 14, 8, 16], "texture": "#texture"}
			}
		},
		{
			"from": [8, 16.25, 12],
			"to": [10, 16.25, 14],
			"rotation": {"angle": 0, "axis": "y", "origin": [0, 16.25, 0]},
			"faces": {
				"up": {"uv": [8, 12, 10, 14], "texture": "#texture"}
			}
		},
		{
			"from": [10, 16.25, 14],
			"to": [12, 16.25, 16],
			"rotation": {"angle": 0, "axis": "y", "origin": [0, 16.25, 0]},
			"faces": {
				"up": {"uv": [10, 14, 12, 16], "texture": "#texture"}
			}
		},
		{
			"from": [12, 16.25, 12],
			"to": [14, 16.25, 14],
			"rotation": {"angle": 0, "axis": "y", "origin": [0, 16.25, 0]},
			"faces": {
				"up": {"uv": [12, 12, 14, 14], "texture": "#texture"}
			}
		},
		{
			"from": [-0.25, 12, 12],
			"to": [-0.25, 14, 14],
			"rotation": {"angle": 0, "axis": "z", "origin": [-0.25, 16, -2]},
			"faces": {
				"west": {"uv": [12, 2, 14, 4], "texture": "#texture"}
			}
		},
		{
			"from": [-0.25, 14, 2],
			"to": [-0.25, 16, 4],
			"rotation": {"angle": 0, "axis": "z", "origin": [-0.25, 16, 2]},
			"faces": {
				"west": {"uv": [2, 0, 4, 2], "texture": "#texture"}
			}
		},
		{
			"from": [-0.25, 12, 0],
			"to": [-0.25, 14, 2],
			"rotation": {"angle": 0, "axis": "z", "origin": [-0.25, 16, -2]},
			"faces": {
				"west": {"uv": [0, 2, 2, 4], "texture": "#texture"}
			}
		},
		{
			"from": [-0.25, 14, 6],
			"to": [-0.25, 16, 8],
			"rotation": {"angle": 0, "axis": "z", "origin": [-0.25, 16, 2]},
			"faces": {
				"west": {"uv": [6, 0, 8, 2], "texture": "#texture"}
			}
		},
		{
			"from": [-0.25, 12, 4],
			"to": [-0.25, 14, 6],
			"rotation": {"angle": 0, "axis": "z", "origin": [-0.25, 16, -2]},
			"faces": {
				"west": {"uv": [4, 2, 6, 4], "texture": "#texture"}
			}
		},
		{
			"from": [-0.25, 14, 10],
			"to": [-0.25, 16, 12],
			"rotation": {"angle": 0, "axis": "z", "origin": [-0.25, 16, 2]},
			"faces": {
				"west": {"uv": [10, 0, 12, 2], "texture": "#texture"}
			}
		},
		{
			"from": [-0.25, 12, 8],
			"to": [-0.25, 14, 10],
			"rotation": {"angle": 0, "axis": "z", "origin": [-0.25, 16, -2]},
			"faces": {
				"west": {"uv": [8, 2, 10, 4], "texture": "#texture"}
			}
		},
		{
			"from": [-0.25, 14, 14],
			"to": [-0.25, 16, 16],
			"rotation": {"angle": 0, "axis": "z", "origin": [-0.25, 16, 2]},
			"faces": {
				"west": {"uv": [14, 0, 16, 2], "texture": "#texture"}
			}
		},
		{
			"from": [-0.25, 8, 12],
			"to": [-0.25, 10, 14],
			"rotation": {"angle": 0, "axis": "z", "origin": [-0.25, 16, -2]},
			"faces": {
				"west": {"uv": [12, 6, 14, 8], "texture": "#texture"}
			}
		},
		{
			"from": [-0.25, 10, 2],
			"to": [-0.25, 12, 4],
			"rotation": {"angle": 0, "axis": "z", "origin": [-0.25, 16, 2]},
			"faces": {
				"west": {"uv": [2, 4, 4, 6], "texture": "#texture"}
			}
		},
		{
			"from": [-0.25, 8, 0],
			"to": [-0.25, 10, 2],
			"rotation": {"angle": 0, "axis": "z", "origin": [-0.25, 16, -2]},
			"faces": {
				"west": {"uv": [0, 6, 2, 8], "texture": "#texture"}
			}
		},
		{
			"from": [-0.25, 10, 6],
			"to": [-0.25, 12, 8],
			"rotation": {"angle": 0, "axis": "z", "origin": [-0.25, 16, 2]},
			"faces": {
				"west": {"uv": [6, 4, 8, 6], "texture": "#texture"}
			}
		},
		{
			"from": [-0.25, 8, 4],
			"to": [-0.25, 10, 6],
			"rotation": {"angle": 0, "axis": "z", "origin": [-0.25, 16, -2]},
			"faces": {
				"west": {"uv": [4, 6, 6, 8], "texture": "#texture"}
			}
		},
		{
			"from": [-0.25, 10, 10],
			"to": [-0.25, 12, 12],
			"rotation": {"angle": 0, "axis": "z", "origin": [-0.25, 16, 2]},
			"faces": {
				"west": {"uv": [10, 4, 12, 6], "texture": "#texture"}
			}
		},
		{
			"from": [-0.25, 8, 8],
			"to": [-0.25, 10, 10],
			"rotation": {"angle": 0, "axis": "z", "origin": [-0.25, 16, -2]},
			"faces": {
				"west": {"uv": [8, 6, 10, 8], "texture": "#texture"}
			}
		},
		{
			"from": [-0.25, 10, 14],
			"to": [-0.25, 12, 16],
			"rotation": {"angle": 0, "axis": "z", "origin": [-0.25, 16, 2]},
			"faces": {
				"west": {"uv": [14, 4, 16, 6], "texture": "#texture"}
			}
		},
		{
			"from": [-0.25, 4, 12],
			"to": [-0.25, 6, 14],
			"rotation": {"angle": 0, "axis": "z", "origin": [-0.25, 16, -2]},
			"faces": {
				"west": {"uv": [12, 10, 14, 12], "texture": "#texture"}
			}
		},
		{
			"from": [-0.25, 6, 2],
			"to": [-0.25, 8, 4],
			"rotation": {"angle": 0, "axis": "z", "origin": [-0.25, 16, 2]},
			"faces": {
				"west": {"uv": [2, 8, 4, 10], "texture": "#texture"}
			}
		},
		{
			"from": [-0.25, 4, 0],
			"to": [-0.25, 6, 2],
			"rotation": {"angle": 0, "axis": "z", "origin": [-0.25, 16, -2]},
			"faces": {
				"west": {"uv": [0, 10, 2, 12], "texture": "#texture"}
			}
		},
		{
			"from": [-0.25, 6, 6],
			"to": [-0.25, 8, 8],
			"rotation": {"angle": 0, "axis": "z", "origin": [-0.25, 16, 2]},
			"faces": {
				"west": {"uv": [6, 8, 8, 10], "texture": "#texture"}
			}
		},
		{
			"from": [-0.25, 4, 4],
			"to": [-0.25, 6, 6],
			"rotation": {"angle": 0, "axis": "z", "origin": [-0.25, 16, -2]},
			"faces": {
				"west": {"uv": [4, 10, 6, 12], "texture": "#texture"}
			}
		},
		{
			"from": [-0.25, 6, 10],
			"to": [-0.25, 8, 12],
			"rotation": {"angle": 0, "axis": "z", "origin": [-0.25, 16, 2]},
			"faces": {
				"west": {"uv": [10, 8, 12, 10], "texture": "#texture"}
			}
		},
		{
			"from": [-0.25, 4, 8],
			"to": [-0.25, 6, 10],
			"rotation": {"angle": 0, "axis": "z", "origin": [-0.25, 16, -2]},
			"faces": {
				"west": {"uv": [8, 10, 10, 12], "texture": "#texture"}
			}
		},
		{
			"from": [-0.25, 6, 14],
			"to": [-0.25, 8, 16],
			"rotation": {"angle": 0, "axis": "z", "origin": [-0.25, 16, 2]},
			"faces": {
				"west": {"uv": [14, 8, 16, 10], "texture": "#texture"}
			}
		},
		{
			"from": [-0.25, 0, 12],
			"to": [-0.25, 2, 14],
			"rotation": {"angle": 0, "axis": "z", "origin": [-0.25, 16, -2]},
			"faces": {
				"west": {"uv": [12, 14, 14, 16], "texture": "#texture"}
			}
		},
		{
			"from": [-0.25, 2, 2],
			"to": [-0.25, 4, 4],
			"rotation": {"angle": 0, "axis": "z", "origin": [-0.25, 16, 2]},
			"faces": {
				"west": {"uv": [2, 12, 4, 14], "texture": "#texture"}
			}
		},
		{
			"from": [-0.25, 0, 0],
			"to": [-0.25, 2, 2],
			"rotation": {"angle": 0, "axis": "z", "origin": [-0.25, 16, -2]},
			"faces": {
				"west": {"uv": [0, 14, 2, 16], "texture": "#texture"}
			}
		},
		{
			"from": [-0.25, 2, 6],
			"to": [-0.25, 4, 8],
			"rotation": {"angle": 0, "axis": "z", "origin": [-0.25, 16, 2]},
			"faces": {
				"west": {"uv": [6, 12, 8, 14], "texture": "#texture"}
			}
		},
		{
			"from": [-0.25, 0, 4],
			"to": [-0.25, 2, 6],
			"rotation": {"angle": 0, "axis": "z", "origin": [-0.25, 16, -2]},
			"faces": {
				"west": {"uv": [4, 14, 6, 16], "texture": "#texture"}
			}
		},
		{
			"from": [-0.25, 2, 10],
			"to": [-0.25, 4, 12],
			"rotation": {"angle": 0, "axis": "z", "origin": [-0.25, 16, 2]},
			"faces": {
				"west": {"uv": [10, 12, 12, 14], "texture": "#texture"}
			}
		},
		{
			"from": [-0.25, 0, 8],
			"to": [-0.25, 2, 10],
			"rotation": {"angle": 0, "axis": "z", "origin": [-0.25, 16, -2]},
			"faces": {
				"west": {"uv": [8, 14, 10, 16], "texture": "#texture"}
			}
		},
		{
			"from": [-0.25, 2, 14],
			"to": [-0.25, 4, 16],
			"rotation": {"angle": 0, "axis": "z", "origin": [-0.25, 16, 2]},
			"faces": {
				"west": {"uv": [14, 12, 16, 14], "texture": "#texture"}
			}
		},
		{
			"from": [16.25, 12, 2],
			"to": [16.25, 14, 4],
			"rotation": {"angle": 0, "axis": "y", "origin": [16.25, 16, 16]},
			"faces": {
				"east": {"uv": [12, 2, 14, 4], "texture": "#texture"}
			}
		},
		{
			"from": [16.25, 14, 12],
			"to": [16.25, 16, 14],
			"rotation": {"angle": 0, "axis": "y", "origin": [16.25, 16, 16]},
			"faces": {
				"east": {"uv": [2, 0, 4, 2], "texture": "#texture"}
			}
		},
		{
			"from": [16.25, 12, 14],
			"to": [16.25, 14, 16],
			"rotation": {"angle": 0, "axis": "y", "origin": [16.25, 16, 16]},
			"faces": {
				"east": {"uv": [0, 2, 2, 4], "texture": "#texture"}
			}
		},
		{
			"from": [16.25, 14, 8],
			"to": [16.25, 16, 10],
			"rotation": {"angle": 0, "axis": "y", "origin": [16.25, 16, 16]},
			"faces": {
				"east": {"uv": [6, 0, 8, 2], "texture": "#texture"}
			}
		},
		{
			"from": [16.25, 12, 10],
			"to": [16.25, 14, 12],
			"rotation": {"angle": 0, "axis": "y", "origin": [16.25, 16, 16]},
			"faces": {
				"east": {"uv": [4, 2, 6, 4], "texture": "#texture"}
			}
		},
		{
			"from": [16.25, 14, 4],
			"to": [16.25, 16, 6],
			"rotation": {"angle": 0, "axis": "y", "origin": [16.25, 16, 16]},
			"faces": {
				"east": {"uv": [10, 0, 12, 2], "texture": "#texture"}
			}
		},
		{
			"from": [16.25, 12, 6],
			"to": [16.25, 14, 8],
			"rotation": {"angle": 0, "axis": "y", "origin": [16.25, 16, 16]},
			"faces": {
				"east": {"uv": [8, 2, 10, 4], "texture": "#texture"}
			}
		},
		{
			"from": [16.25, 14, 0],
			"to": [16.25, 16, 2],
			"rotation": {"angle": 0, "axis": "y", "origin": [16.25, 16, 16]},
			"faces": {
				"east": {"uv": [14, 0, 16, 2], "texture": "#texture"}
			}
		},
		{
			"from": [16.25, 8, 2],
			"to": [16.25, 10, 4],
			"rotation": {"angle": 0, "axis": "y", "origin": [16.25, 16, 16]},
			"faces": {
				"east": {"uv": [12, 6, 14, 8], "texture": "#texture"}
			}
		},
		{
			"from": [16.25, 10, 12],
			"to": [16.25, 12, 14],
			"rotation": {"angle": 0, "axis": "y", "origin": [16.25, 16, 16]},
			"faces": {
				"east": {"uv": [2, 4, 4, 6], "texture": "#texture"}
			}
		},
		{
			"from": [16.25, 8, 14],
			"to": [16.25, 10, 16],
			"rotation": {"angle": 0, "axis": "y", "origin": [16.25, 16, 16]},
			"faces": {
				"east": {"uv": [0, 6, 2, 8], "texture": "#texture"}
			}
		},
		{
			"from": [16.25, 10, 8],
			"to": [16.25, 12, 10],
			"rotation": {"angle": 0, "axis": "y", "origin": [16.25, 16, 16]},
			"faces": {
				"east": {"uv": [6, 4, 8, 6], "texture": "#texture"}
			}
		},
		{
			"from": [16.25, 8, 10],
			"to": [16.25, 10, 12],
			"rotation": {"angle": 0, "axis": "y", "origin": [16.25, 16, 16]},
			"faces": {
				"east": {"uv": [4, 6, 6, 8], "texture": "#texture"}
			}
		},
		{
			"from": [16.25, 10, 4],
			"to": [16.25, 12, 6],
			"rotation": {"angle": 0, "axis": "y", "origin": [16.25, 16, 16]},
			"faces": {
				"east": {"uv": [10, 4, 12, 6], "texture": "#texture"}
			}
		},
		{
			"from": [16.25, 8, 6],
			"to": [16.25, 10, 8],
			"rotation": {"angle": 0, "axis": "y", "origin": [16.25, 16, 16]},
			"faces": {
				"east": {"uv": [8, 6, 10, 8], "texture": "#texture"}
			}
		},
		{
			"from": [16.25, 10, 0],
			"to": [16.25, 12, 2],
			"rotation": {"angle": 0, "axis": "y", "origin": [16.25, 16, 16]},
			"faces": {
				"east": {"uv": [14, 4, 16, 6], "texture": "#texture"}
			}
		},
		{
			"from": [16.25, 4, 2],
			"to": [16.25, 6, 4],
			"rotation": {"angle": 0, "axis": "y", "origin": [16.25, 16, 16]},
			"faces": {
				"east": {"uv": [12, 10, 14, 12], "texture": "#texture"}
			}
		},
		{
			"from": [16.25, 6, 12],
			"to": [16.25, 8, 14],
			"rotation": {"angle": 0, "axis": "y", "origin": [16.25, 16, 16]},
			"faces": {
				"east": {"uv": [2, 8, 4, 10], "texture": "#texture"}
			}
		},
		{
			"from": [16.25, 4, 14],
			"to": [16.25, 6, 16],
			"rotation": {"angle": 0, "axis": "y", "origin": [16.25, 16, 16]},
			"faces": {
				"east": {"uv": [0, 10, 2, 12], "texture": "#texture"}
			}
		},
		{
			"from": [16.25, 6, 8],
			"to": [16.25, 8, 10],
			"rotation": {"angle": 0, "axis": "y", "origin": [16.25, 16, 16]},
			"faces": {
				"east": {"uv": [6, 8, 8, 10], "texture": "#texture"}
			}
		},
		{
			"from": [16.25, 4, 10],
			"to": [16.25, 6, 12],
			"rotation": {"angle": 0, "axis": "y", "origin": [16.25, 16, 16]},
			"faces": {
				"east": {"uv": [4, 10, 6, 12], "texture": "#texture"}
			}
		},
		{
			"from": [16.25, 6, 4],
			"to": [16.25, 8, 6],
			"rotation": {"angle": 0, "axis": "y", "origin": [16.25, 16, 16]},
			"faces": {
				"east": {"uv": [10, 8, 12, 10], "texture": "#texture"}
			}
		},
		{
			"from": [16.25, 4, 6],
			"to": [16.25, 6, 8],
			"rotation": {"angle": 0, "axis": "y", "origin": [16.25, 16, 16]},
			"faces": {
				"east": {"uv": [8, 10, 10, 12], "texture": "#texture"}
			}
		},
		{
			"from": [16.25, 6, 0],
			"to": [16.25, 8, 2],
			"rotation": {"angle": 0, "axis": "y", "origin": [16.25, 16, 16]},
			"faces": {
				"east": {"uv": [14, 8, 16, 10], "texture": "#texture"}
			}
		},
		{
			"from": [16.25, 0, 2],
			"to": [16.25, 2, 4],
			"rotation": {"angle": 0, "axis": "y", "origin": [16.25, 16, 16]},
			"faces": {
				"east": {"uv": [12, 14, 14, 16], "texture": "#texture"}
			}
		},
		{
			"from": [16.25, 2, 12],
			"to": [16.25, 4, 14],
			"rotation": {"angle": 0, "axis": "y", "origin": [16.25, 16, 16]},
			"faces": {
				"east": {"uv": [2, 12, 4, 14], "texture": "#texture"}
			}
		},
		{
			"from": [16.25, 0, 14],
			"to": [16.25, 2, 16],
			"rotation": {"angle": 0, "axis": "y", "origin": [16.25, 16, 16]},
			"faces": {
				"east": {"uv": [0, 14, 2, 16], "texture": "#texture"}
			}
		},
		{
			"from": [16.25, 2, 8],
			"to": [16.25, 4, 10],
			"rotation": {"angle": 0, "axis": "y", "origin": [16.25, 16, 16]},
			"faces": {
				"east": {"uv": [6, 12, 8, 14], "texture": "#texture"}
			}
		},
		{
			"from": [16.25, 0, 10],
			"to": [16.25, 2, 12],
			"rotation": {"angle": 0, "axis": "y", "origin": [16.25, 16, 16]},
			"faces": {
				"east": {"uv": [4, 14, 6, 16], "texture": "#texture"}
			}
		},
		{
			"from": [16.25, 2, 4],
			"to": [16.25, 4, 6],
			"rotation": {"angle": 0, "axis": "y", "origin": [16.25, 16, 16]},
			"faces": {
				"east": {"uv": [10, 12, 12, 14], "texture": "#texture"}
			}
		},
		{
			"from": [16.25, 0, 6],
			"to": [16.25, 2, 8],
			"rotation": {"angle": 0, "axis": "y", "origin": [16.25, 16, 16]},
			"faces": {
				"east": {"uv": [8, 14, 10, 16], "texture": "#texture"}
			}
		},
		{
			"from": [16.25, 2, 0],
			"to": [16.25, 4, 2],
			"rotation": {"angle": 0, "axis": "y", "origin": [16.25, 16, 16]},
			"faces": {
				"east": {"uv": [14, 12, 16, 14], "texture": "#texture"}
			}
		},
		{
			"from": [14, 12, 16.25],
			"to": [16, 14, 16.25],
			"rotation": {"angle": 0, "axis": "y", "origin": [0, 16, 16.25]},
			"faces": {
				"south": {"uv": [14, 2, 16, 4], "texture": "#texture"}
			}
		},
		{
			"from": [0, 14, 16.25],
			"to": [2, 16, 16.25],
			"rotation": {"angle": 0, "axis": "y", "origin": [0, 16, 16.25]},
			"faces": {
				"south": {"uv": [0, 0, 2, 2], "texture": "#texture"}
			}
		},
		{
			"from": [2, 12, 16.25],
			"to": [4, 14, 16.25],
			"rotation": {"angle": 0, "axis": "y", "origin": [0, 16, 16.25]},
			"faces": {
				"south": {"uv": [2, 2, 4, 4], "texture": "#texture"}
			}
		},
		{
			"from": [4, 14, 16.25],
			"to": [6, 16, 16.25],
			"rotation": {"angle": 0, "axis": "y", "origin": [0, 16, 16.25]},
			"faces": {
				"south": {"uv": [4, 0, 6, 2], "texture": "#texture"}
			}
		},
		{
			"from": [6, 12, 16.25],
			"to": [8, 14, 16.25],
			"rotation": {"angle": 0, "axis": "y", "origin": [0, 16, 16.25]},
			"faces": {
				"south": {"uv": [6, 2, 8, 4], "texture": "#texture"}
			}
		},
		{
			"from": [8, 14, 16.25],
			"to": [10, 16, 16.25],
			"rotation": {"angle": 0, "axis": "y", "origin": [0, 16, 16.25]},
			"faces": {
				"south": {"uv": [8, 0, 10, 2], "texture": "#texture"}
			}
		},
		{
			"from": [10, 12, 16.25],
			"to": [12, 14, 16.25],
			"rotation": {"angle": 0, "axis": "y", "origin": [0, 16, 16.25]},
			"faces": {
				"south": {"uv": [10, 2, 12, 4], "texture": "#texture"}
			}
		},
		{
			"from": [12, 14, 16.25],
			"to": [14, 16, 16.25],
			"rotation": {"angle": 0, "axis": "y", "origin": [0, 16, 16.25]},
			"faces": {
				"south": {"uv": [12, 0, 14, 2], "texture": "#texture"}
			}
		},
		{
			"from": [14, 8, 16.25],
			"to": [16, 10, 16.25],
			"rotation": {"angle": 0, "axis": "y", "origin": [0, 16, 16.25]},
			"faces": {
				"south": {"uv": [14, 6, 16, 8], "texture": "#texture"}
			}
		},
		{
			"from": [0, 10, 16.25],
			"to": [2, 12, 16.25],
			"rotation": {"angle": 0, "axis": "y", "origin": [0, 16, 16.25]},
			"faces": {
				"south": {"uv": [0, 4, 2, 6], "texture": "#texture"}
			}
		},
		{
			"from": [2, 8, 16.25],
			"to": [4, 10, 16.25],
			"rotation": {"angle": 0, "axis": "y", "origin": [0, 16, 16.25]},
			"faces": {
				"south": {"uv": [2, 6, 4, 8], "texture": "#texture"}
			}
		},
		{
			"from": [4, 10, 16.25],
			"to": [6, 12, 16.25],
			"rotation": {"angle": 0, "axis": "y", "origin": [0, 16, 16.25]},
			"faces": {
				"south": {"uv": [4, 4, 6, 6], "texture": "#texture"}
			}
		},
		{
			"from": [6, 8, 16.25],
			"to": [8, 10, 16.25],
			"rotation": {"angle": 0, "axis": "y", "origin": [0, 16, 16.25]},
			"faces": {
				"south": {"uv": [6, 6, 8, 8], "texture": "#texture"}
			}
		},
		{
			"from": [8, 10, 16.25],
			"to": [10, 12, 16.25],
			"rotation": {"angle": 0, "axis": "y", "origin": [0, 16, 16.25]},
			"faces": {
				"south": {"uv": [8, 4, 10, 6], "texture": "#texture"}
			}
		},
		{
			"from": [10, 8, 16.25],
			"to": [12, 10, 16.25],
			"rotation": {"angle": 0, "axis": "y", "origin": [0, 16, 16.25]},
			"faces": {
				"south": {"uv": [10, 6, 12, 8], "texture": "#texture"}
			}
		},
		{
			"from": [12, 10, 16.25],
			"to": [14, 12, 16.25],
			"rotation": {"angle": 0, "axis": "y", "origin": [0, 16, 16.25]},
			"faces": {
				"south": {"uv": [12, 4, 14, 6], "texture": "#texture"}
			}
		},
		{
			"from": [14, 4, 16.25],
			"to": [16, 6, 16.25],
			"rotation": {"angle": 0, "axis": "y", "origin": [0, 16, 16.25]},
			"faces": {
				"south": {"uv": [14, 10, 16, 12], "texture": "#texture"}
			}
		},
		{
			"from": [0, 6, 16.25],
			"to": [2, 8, 16.25],
			"rotation": {"angle": 0, "axis": "y", "origin": [0, 16, 16.25]},
			"faces": {
				"south": {"uv": [0, 8, 2, 10], "texture": "#texture"}
			}
		},
		{
			"from": [2, 4, 16.25],
			"to": [4, 6, 16.25],
			"rotation": {"angle": 0, "axis": "y", "origin": [0, 16, 16.25]},
			"faces": {
				"south": {"uv": [2, 10, 4, 12], "texture": "#texture"}
			}
		},
		{
			"from": [4, 6, 16.25],
			"to": [6, 8, 16.25],
			"rotation": {"angle": 0, "axis": "y", "origin": [0, 16, 16.25]},
			"faces": {
				"south": {"uv": [4, 8, 6, 10], "texture": "#texture"}
			}
		},
		{
			"from": [6, 4, 16.25],
			"to": [8, 6, 16.25],
			"rotation": {"angle": 0, "axis": "y", "origin": [0, 16, 16.25]},
			"faces": {
				"south": {"uv": [6, 10, 8, 12], "texture": "#texture"}
			}
		},
		{
			"from": [8, 6, 16.25],
			"to": [10, 8, 16.25],
			"rotation": {"angle": 0, "axis": "y", "origin": [0, 16, 16.25]},
			"faces": {
				"south": {"uv": [8, 8, 10, 10], "texture": "#texture"}
			}
		},
		{
			"from": [10, 4, 16.25],
			"to": [12, 6, 16.25],
			"rotation": {"angle": 0, "axis": "y", "origin": [0, 16, 16.25]},
			"faces": {
				"south": {"uv": [10, 10, 12, 12], "texture": "#texture"}
			}
		},
		{
			"from": [12, 6, 16.25],
			"to": [14, 8, 16.25],
			"rotation": {"angle": 0, "axis": "y", "origin": [0, 16, 16.25]},
			"faces": {
				"south": {"uv": [12, 8, 14, 10], "texture": "#texture"}
			}
		},
		{
			"from": [14, 0, 16.25],
			"to": [16, 2, 16.25],
			"rotation": {"angle": 0, "axis": "y", "origin": [0, 16, 16.25]},
			"faces": {
				"south": {"uv": [14, 14, 16, 16], "texture": "#texture"}
			}
		},
		{
			"from": [0, 2, 16.25],
			"to": [2, 4, 16.25],
			"rotation": {"angle": 0, "axis": "y", "origin": [0, 16, 16.25]},
			"faces": {
				"south": {"uv": [0, 12, 2, 14], "texture": "#texture"}
			}
		},
		{
			"from": [2, 0, 16.25],
			"to": [4, 2, 16.25],
			"rotation": {"angle": 0, "axis": "y", "origin": [0, 16, 16.25]},
			"faces": {
				"south": {"uv": [2, 14, 4, 16], "texture": "#texture"}
			}
		},
		{
			"from": [4, 2, 16.25],
			"to": [6, 4, 16.25],
			"rotation": {"angle": 0, "axis": "y", "origin": [0, 16, 16.25]},
			"faces": {
				"south": {"uv": [4, 12, 6, 14], "texture": "#texture"}
			}
		},
		{
			"from": [6, 0, 16.25],
			"to": [8, 2, 16.25],
			"rotation": {"angle": 0, "axis": "y", "origin": [0, 16, 16.25]},
			"faces": {
				"south": {"uv": [6, 14, 8, 16], "texture": "#texture"}
			}
		},
		{
			"from": [8, 2, 16.25],
			"to": [10, 4, 16.25],
			"rotation": {"angle": 0, "axis": "y", "origin": [0, 16, 16.25]},
			"faces": {
				"south": {"uv": [8, 12, 10, 14], "texture": "#texture"}
			}
		},
		{
			"from": [10, 0, 16.25],
			"to": [12, 2, 16.25],
			"rotation": {"angle": 0, "axis": "y", "origin": [0, 16, 16.25]},
			"faces": {
				"south": {"uv": [10, 14, 12, 16], "texture": "#texture"}
			}
		},
		{
			"from": [12, 2, 16.25],
			"to": [14, 4, 16.25],
			"rotation": {"angle": 0, "axis": "y", "origin": [0, 16, 16.25]},
			"faces": {
				"south": {"uv": [12, 12, 14, 14], "texture": "#texture"}
			}
		},
		{
			"from": [0, 12, -0.25],
			"to": [2, 14, -0.25],
			"rotation": {"angle": 0, "axis": "x", "origin": [16, 16, -0.25]},
			"faces": {
				"north": {"uv": [14, 2, 16, 4], "texture": "#texture"}
			}
		},
		{
			"from": [14, 14, -0.25],
			"to": [16, 16, -0.25],
			"rotation": {"angle": 0, "axis": "x", "origin": [16, 16, -0.25]},
			"faces": {
				"north": {"uv": [0, 0, 2, 2], "texture": "#texture"}
			}
		},
		{
			"from": [12, 12, -0.25],
			"to": [14, 14, -0.25],
			"rotation": {"angle": 0, "axis": "x", "origin": [16, 16, -0.25]},
			"faces": {
				"north": {"uv": [2, 2, 4, 4], "texture": "#texture"}
			}
		},
		{
			"from": [10, 14, -0.25],
			"to": [12, 16, -0.25],
			"rotation": {"angle": 0, "axis": "x", "origin": [16, 16, -0.25]},
			"faces": {
				"north": {"uv": [4, 0, 6, 2], "texture": "#texture"}
			}
		},
		{
			"from": [8, 12, -0.25],
			"to": [10, 14, -0.25],
			"rotation": {"angle": 0, "axis": "x", "origin": [16, 16, -0.25]},
			"faces": {
				"north": {"uv": [6, 2, 8, 4], "texture": "#texture"}
			}
		},
		{
			"from": [6, 14, -0.25],
			"to": [8, 16, -0.25],
			"rotation": {"angle": 0, "axis": "x", "origin": [16, 16, -0.25]},
			"faces": {
				"north": {"uv": [8, 0, 10, 2], "texture": "#texture"}
			}
		},
		{
			"from": [4, 12, -0.25],
			"to": [6, 14, -0.25],
			"rotation": {"angle": 0, "axis": "x", "origin": [16, 16, -0.25]},
			"faces": {
				"north": {"uv": [10, 2, 12, 4], "texture": "#texture"}
			}
		},
		{
			"from": [2, 14, -0.25],
			"to": [4, 16, -0.25],
			"rotation": {"angle": 0, "axis": "x", "origin": [16, 16, -0.25]},
			"faces": {
				"north": {"uv": [12, 0, 14, 2], "texture": "#texture"}
			}
		},
		{
			"from": [0, 8, -0.25],
			"to": [2, 10, -0.25],
			"rotation": {"angle": 0, "axis": "x", "origin": [16, 16, -0.25]},
			"faces": {
				"north": {"uv": [14, 6, 16, 8], "texture": "#texture"}
			}
		},
		{
			"from": [14, 10, -0.25],
			"to": [16, 12, -0.25],
			"rotation": {"angle": 0, "axis": "x", "origin": [16, 16, -0.25]},
			"faces": {
				"north": {"uv": [0, 4, 2, 6], "texture": "#texture"}
			}
		},
		{
			"from": [12, 8, -0.25],
			"to": [14, 10, -0.25],
			"rotation": {"angle": 0, "axis": "x", "origin": [16, 16, -0.25]},
			"faces": {
				"north": {"uv": [2, 6, 4, 8], "texture": "#texture"}
			}
		},
		{
			"from": [10, 10, -0.25],
			"to": [12, 12, -0.25],
			"rotation": {"angle": 0, "axis": "x", "origin": [16, 16, -0.25]},
			"faces": {
				"north": {"uv": [4, 4, 6, 6], "texture": "#texture"}
			}
		},
		{
			"from": [8, 8, -0.25],
			"to": [10, 10, -0.25],
			"rotation": {"angle": 0, "axis": "x", "origin": [16, 16, -0.25]},
			"faces": {
				"north": {"uv": [6, 6, 8, 8], "texture": "#texture"}
			}
		},
		{
			"from": [6, 10, -0.25],
			"to": [8, 12, -0.25],
			"rotation": {"angle": 0, "axis": "x", "origin": [16, 16, -0.25]},
			"faces": {
				"north": {"uv": [8, 4, 10, 6], "texture": "#texture"}
			}
		},
		{
			"from": [4, 8, -0.25],
			"to": [6, 10, -0.25],
			"rotation": {"angle": 0, "axis": "x", "origin": [16, 16, -0.25]},
			"faces": {
				"north": {"uv": [10, 6, 12, 8], "texture": "#texture"}
			}
		},
		{
			"from": [2, 10, -0.25],
			"to": [4, 12, -0.25],
			"rotation": {"angle": 0, "axis": "x", "origin": [16, 16, -0.25]},
			"faces": {
				"north": {"uv": [12, 4, 14, 6], "texture": "#texture"}
			}
		},
		{
			"from": [0, 4, -0.25],
			"to": [2, 6, -0.25],
			"rotation": {"angle": 0, "axis": "x", "origin": [16, 16, -0.25]},
			"faces": {
				"north": {"uv": [14, 10, 16, 12], "texture": "#texture"}
			}
		},
		{
			"from": [14, 6, -0.25],
			"to": [16, 8, -0.25],
			"rotation": {"angle": 0, "axis": "x", "origin": [16, 16, -0.25]},
			"faces": {
				"north": {"uv": [0, 8, 2, 10], "texture": "#texture"}
			}
		},
		{
			"from": [12, 4, -0.25],
			"to": [14, 6, -0.25],
			"rotation": {"angle": 0, "axis": "x", "origin": [16, 16, -0.25]},
			"faces": {
				"north": {"uv": [2, 10, 4, 12], "texture": "#texture"}
			}
		},
		{
			"from": [10, 6, -0.25],
			"to": [12, 8, -0.25],
			"rotation": {"angle": 0, "axis": "x", "origin": [16, 16, -0.25]},
			"faces": {
				"north": {"uv": [4, 8, 6, 10], "texture": "#texture"}
			}
		},
		{
			"from": [8, 4, -0.25],
			"to": [10, 6, -0.25],
			"rotation": {"angle": 0, "axis": "x", "origin": [16, 16, -0.25]},
			"faces": {
				"north": {"uv": [6, 10, 8, 12], "texture": "#texture"}
			}
		},
		{
			"from": [6, 6, -0.25],
			"to": [8, 8, -0.25],
			"rotation": {"angle": 0, "axis": "x", "origin": [16, 16, -0.25]},
			"faces": {
				"north": {"uv": [8, 8, 10, 10], "texture": "#texture"}
			}
		},
		{
			"from": [4, 4, -0.25],
			"to": [6, 6, -0.25],
			"rotation": {"angle": 0, "axis": "x", "origin": [16, 16, -0.25]},
			"faces": {
				"north": {"uv": [10, 10, 12, 12], "texture": "#texture"}
			}
		},
		{
			"from": [2, 6, -0.25],
			"to": [4, 8, -0.25],
			"rotation": {"angle": 0, "axis": "x", "origin": [16, 16, -0.25]},
			"faces": {
				"north": {"uv": [12, 8, 14, 10], "texture": "#texture"}
			}
		},
		{
			"from": [0, 0, -0.25],
			"to": [2, 2, -0.25],
			"rotation": {"angle": 0, "axis": "x", "origin": [16, 16, -0.25]},
			"faces": {
				"north": {"uv": [14, 14, 16, 16], "texture": "#texture"}
			}
		},
		{
			"from": [14, 2, -0.25],
			"to": [16, 4, -0.25],
			"rotation": {"angle": 0, "axis": "x", "origin": [16, 16, -0.25]},
			"faces": {
				"north": {"uv": [0, 12, 2, 14], "texture": "#texture"}
			}
		},
		{
			"from": [12, 0, -0.25],
			"to": [14, 2, -0.25],
			"rotation": {"angle": 0, "axis": "x", "origin": [16, 16, -0.25]},
			"faces": {
				"north": {"uv": [2, 14, 4, 16], "texture": "#texture"}
			}
		},
		{
			"from": [10, 2, -0.25],
			"to": [12, 4, -0.25],
			"rotation": {"angle": 0, "axis": "x", "origin": [16, 16, -0.25]},
			"faces": {
				"north": {"uv": [4, 12, 6, 14], "texture": "#texture"}
			}
		},
		{
			"from": [8, 0, -0.25],
			"to": [10, 2, -0.25],
			"rotation": {"angle": 0, "axis": "x", "origin": [16, 16, -0.25]},
			"faces": {
				"north": {"uv": [6, 14, 8, 16], "texture": "#texture"}
			}
		},
		{
			"from": [6, 2, -0.25],
			"to": [8, 4, -0.25],
			"rotation": {"angle": 0, "axis": "x", "origin": [16, 16, -0.25]},
			"faces": {
				"north": {"uv": [8, 12, 10, 14], "texture": "#texture"}
			}
		},
		{
			"from": [4, 0, -0.25],
			"to": [6, 2, -0.25],
			"rotation": {"angle": 0, "axis": "x", "origin": [16, 16, -0.25]},
			"faces": {
				"north": {"uv": [10, 14, 12, 16], "texture": "#texture"}
			}
		},
		{
			"from": [2, 2, -0.25],
			"to": [4, 4, -0.25],
			"rotation": {"angle": 0, "axis": "x", "origin": [16, 16, -0.25]},
			"faces": {
				"north": {"uv": [12, 12, 14, 14], "texture": "#texture"}
			}
		}
	],
	"groups": [
		0,
		{
			"name": "fluff overlays",
			"origin": [14, 1, 1],
			"color": 0,
			"children": [
				{
					"name": "up",
					"origin": [14, 1, 1],
					"color": 0,
					"children": [
						{
							"name": "layer 1",
							"origin": [14, 1, 1],
							"color": 0,
							"children": [1, 2, 3, 4, 5, 6, 7, 8]
						},
						{
							"name": "layer 2",
							"origin": [14, 1, 1],
							"color": 0,
							"children": [9, 10, 11, 12, 13, 14, 15, 16]
						},
						{
							"name": "layer 3",
							"origin": [14, 1, 1],
							"color": 0,
							"children": [17, 18, 19, 20, 21, 22, 23, 24]
						},
						{
							"name": "layer 4",
							"origin": [14, 1, 1],
							"color": 0,
							"children": [25, 26, 27, 28, 29, 30, 31, 32]
						}
					]
				},
				{
					"name": "west",
					"origin": [14, 1, 1],
					"color": 0,
					"children": [
						{
							"name": "layer 1",
							"origin": [14, 1, 1],
							"color": 0,
							"children": [33, 34, 35, 36, 37, 38, 39, 40]
						},
						{
							"name": "layer 2",
							"origin": [14, 1, 1],
							"color": 0,
							"children": [41, 42, 43, 44, 45, 46, 47, 48]
						},
						{
							"name": "layer 3",
							"origin": [14, 1, 1],
							"color": 0,
							"children": [49, 50, 51, 52, 53, 54, 55, 56]
						},
						{
							"name": "layer 4",
							"origin": [14, 1, 1],
							"color": 0,
							"children": [57, 58, 59, 60, 61, 62, 63, 64]
						}
					]
				},
				{
					"name": "west",
					"origin": [14, 1, 1],
					"color": 0,
					"children": [
						{
							"name": "layer 1",
							"origin": [14, 1, 1],
							"color": 0,
							"children": [65, 66, 67, 68, 69, 70, 71, 72]
						},
						{
							"name": "layer 2",
							"origin": [14, 1, 1],
							"color": 0,
							"children": [73, 74, 75, 76, 77, 78, 79, 80]
						},
						{
							"name": "layer 3",
							"origin": [14, 1, 1],
							"color": 0,
							"children": [81, 82, 83, 84, 85, 86, 87, 88]
						},
						{
							"name": "layer 4",
							"origin": [14, 1, 1],
							"color": 0,
							"children": [89, 90, 91, 92, 93, 94, 95, 96]
						}
					]
				},
				{
					"name": "south",
					"origin": [14, 1, 1],
					"color": 0,
					"children": [
						{
							"name": "layer 1",
							"origin": [14, 1, 1],
							"color": 0,
							"children": [97, 98, 99, 100, 101, 102, 103, 104]
						},
						{
							"name": "layer 2",
							"origin": [14, 1, 1],
							"color": 0,
							"children": [105, 106, 107, 108, 109, 110, 111, 112]
						},
						{
							"name": "layer 3",
							"origin": [14, 1, 1],
							"color": 0,
							"children": [113, 114, 115, 116, 117, 118, 119, 120]
						},
						{
							"name": "layer 4",
							"origin": [14, 1, 1],
							"color": 0,
							"children": [121, 122, 123, 124, 125, 126, 127, 128]
						}
					]
				},
				{
					"name": "north",
					"origin": [14, 1, 1],
					"color": 0,
					"children": [
						{
							"name": "layer 1",
							"origin": [14, 1, 1],
							"color": 0,
							"children": [129, 130, 131, 132, 133, 134, 135, 136]
						},
						{
							"name": "layer 2",
							"origin": [14, 1, 1],
							"color": 0,
							"children": [137, 138, 139, 140, 141, 142, 143, 144]
						},
						{
							"name": "layer 3",
							"origin": [14, 1, 1],
							"color": 0,
							"children": [145, 146, 147, 148, 149, 150, 151, 152]
						},
						{
							"name": "layer 4",
							"origin": [14, 1, 1],
							"color": 0,
							"children": [153, 154, 155, 156, 157, 158, 159, 160]
						}
					]
				}
			]
		}
	]
}