{
	"credit": "Made with Blockbench",
	"ambientocclusion": false,
	"textures": {
		"0": "block/air",
		"particle": "minecraft:block/air"
	},
	"elements": [
		{
			"from": [3.5, -1, 14.5],
			"to": [12.5, 15, 14.5],
			"shade": false,
			"rotation": {"angle": -45, "axis": "y", "origin": [8, 0, 7.75]},
			"faces": {
				"north": {"uv": [12, 0, 3, 16], "texture": "#0"},
				"east": {"uv": [0, 0, 0, 16], "texture": "#0"},
				"south": {"uv": [3, 0, 12, 16], "texture": "#0"},
				"west": {"uv": [0, 0, 0, 16], "texture": "#0"},
				"up": {"uv": [0, 0, 0, 8], "rotation": 90, "texture": "#0"},
				"down": {"uv": [0, 0, 0, 8], "rotation": 270, "texture": "#0"}
			}
		},
		{
			"from": [8, -1, 10],
			"to": [8, 15, 19],
			"shade": false,
			"rotation": {"angle": -45, "axis": "y", "origin": [8, 0, 7.75]},
			"faces": {
				"north": {"uv": [0, 0, 0, 16], "texture": "#0"},
				"east": {"uv": [3, 0, 12, 16], "texture": "#0"},
				"south": {"uv": [0, 0, 0, 16], "texture": "#0"},
				"west": {"uv": [12, 0, 3, 16], "texture": "#0"},
				"up": {"uv": [0, 0, 0, 8], "texture": "#0"},
				"down": {"uv": [0, 0, 0, 8], "texture": "#0"}
			}
		},
		{
			"from": [9.75, 0, 8.25],
			"to": [9.75, 16, 17.25],
			"shade": false,
			"rotation": {"angle": 22.5, "axis": "y", "origin": [8, 0, 7.75]},
			"faces": {
				"north": {"uv": [0, 0, 0, 16], "texture": "#0"},
				"east": {"uv": [12, 0, 3, 16], "texture": "#0"},
				"south": {"uv": [0, 0, 0, 16], "texture": "#0"},
				"west": {"uv": [3, 0, 12, 16], "texture": "#0"},
				"up": {"uv": [0, 0, 0, 8], "rotation": 180, "texture": "#0"},
				"down": {"uv": [0, 0, 0, 8], "rotation": 180, "texture": "#0"}
			}
		},
		{
			"from": [5.25, 0, 12.75],
			"to": [14.25, 16, 12.75],
			"shade": false,
			"rotation": {"angle": 22.5, "axis": "y", "origin": [8, 0, 7.75]},
			"faces": {
				"north": {"uv": [12, 0, 3, 16], "texture": "#0"},
				"east": {"uv": [0, 0, 0, 16], "texture": "#0"},
				"south": {"uv": [3, 0, 12, 16], "texture": "#0"},
				"west": {"uv": [0, 0, 0, 16], "texture": "#0"},
				"up": {"uv": [0, 0, 0, 8], "rotation": 90, "texture": "#0"},
				"down": {"uv": [0, 0, 0, 8], "rotation": 270, "texture": "#0"}
			}
		},
		{
			"from": [1.5, -2, 4.75],
			"to": [10.5, 14, 4.75],
			"shade": false,
			"rotation": {"angle": -22.5, "axis": "y", "origin": [8, 0, 7.75]},
			"faces": {
				"north": {"uv": [3, 0, 12, 16], "texture": "#0"},
				"east": {"uv": [0, 0, 0, 16], "texture": "#0"},
				"south": {"uv": [12, 0, 3, 16], "texture": "#0"},
				"west": {"uv": [0, 0, 0, 16], "texture": "#0"},
				"up": {"uv": [0, 0, 0, 8], "rotation": 270, "texture": "#0"},
				"down": {"uv": [0, 0, 0, 8], "rotation": 90, "texture": "#0"}
			}
		},
		{
			"from": [6, -2, 0.25],
			"to": [6, 14, 9.25],
			"shade": false,
			"rotation": {"angle": -22.5, "axis": "y", "origin": [8, 0, 7.75]},
			"faces": {
				"north": {"uv": [0, 0, 0, 16], "texture": "#0"},
				"east": {"uv": [12, 0, 3, 16], "texture": "#0"},
				"south": {"uv": [0, 0, 0, 16], "texture": "#0"},
				"west": {"uv": [3, 0, 12, 16], "texture": "#0"},
				"up": {"uv": [0, 0, 0, 8], "rotation": 180, "texture": "#0"},
				"down": {"uv": [0, 0, 0, 8], "rotation": 180, "texture": "#0"}
			}
		}
	],
	"gui_light": "front",
	"display": {
		"thirdperson_righthand": {
			"translation": [0, 3, 2],
			"scale": [0.4, 0.4, 0.4]
		},
		"thirdperson_lefthand": {
			"translation": [0, 3, 2],
			"scale": [0.4, 0.4, 0.4]
		},
		"firstperson_righthand": {
			"translation": [0, 3, 2],
			"scale": [0.4, 0.4, 0.4]
		},
		"firstperson_lefthand": {
			"translation": [0, 3, 2],
			"scale": [0.4, 0.4, 0.4]
		},
		"ground": {
			"translation": [0, 2, 0],
			"scale": [0.6, 0.6, 0.6]
		},
		"head": {
			"translation": [0, 14.5, 0]
		},
		"fixed": {
			"translation": [0, 0, 2.25]
		}
	},
	"groups": [
		{
			"name": "1",
			"origin": [8, 0, 8],
			"color": 0,
			"shade": false,
			"children": [0, 1]
		},
		{
			"name": "2",
			"origin": [8, 0, 8],
			"color": 0,
			"shade": false,
			"children": [2, 3]
		},
		{
			"name": "3",
			"origin": [8, 0, 8],
			"color": 0,
			"shade": false,
			"children": [4, 5]
		}
	]
}