{
	"credit": "Made with Blockbench",
	"ambientocclusion": false,
	"textures": {
		"0": "block/red_tulip"
	},
	"elements": [
		{
			"from": [13.5, -2, 4],
			"to": [13.5, 14, 13],
			"shade": false,
			"rotation": {"angle": 45, "axis": "y", "origin": [8, 0, 7.75]},
			"faces": {
				"north": {"uv": [0, 0, 0, 16], "texture": "#0"},
				"east": {"uv": [12, 0, 3, 16], "texture": "#0"},
				"south": {"uv": [0, 0, 0, 16], "texture": "#0"},
				"west": {"uv": [3, 0, 12, 16], "texture": "#0"},
				"up": {"uv": [0, 0, 0, 8], "rotation": 180, "texture": "#0"},
				"down": {"uv": [0, 0, 0, 8], "rotation": 180, "texture": "#0"}
			}
		},
		{
			"from": [9, -2, 8.5],
			"to": [18, 14, 8.5],
			"shade": false,
			"rotation": {"angle": 45, "axis": "y", "origin": [8, 0, 7.75]},
			"faces": {
				"north": {"uv": [12, 0, 3, 16], "texture": "#0"},
				"east": {"uv": [0, 0, 0, 16], "texture": "#0"},
				"south": {"uv": [3, 0, 12, 16], "texture": "#0"},
				"west": {"uv": [0, 0, 0, 16], "texture": "#0"},
				"up": {"uv": [0, 0, 0, 8], "rotation": 90, "texture": "#0"},
				"down": {"uv": [0, 0, 0, 8], "rotation": 270, "texture": "#0"}
			}
		},
		{
			"from": [4.5, 0, 12.5],
			"to": [13.5, 16, 12.5],
			"shade": false,
			"rotation": {"angle": 22.5, "axis": "y", "origin": [8, 0, 7.75]},
			"faces": {
				"north": {"uv": [12, 0, 3, 16], "texture": "#0"},
				"east": {"uv": [0, 0, 0, 16], "texture": "#0"},
				"south": {"uv": [3, 0, 12, 16], "texture": "#0"},
				"west": {"uv": [0, 0, 0, 16], "texture": "#0"},
				"up": {"uv": [0, 0, 0, 8], "rotation": 90, "texture": "#0"},
				"down": {"uv": [0, 0, 0, 8], "rotation": 270, "texture": "#0"}
			}
		},
		{
			"from": [9, 0, 8],
			"to": [9, 16, 17],
			"shade": false,
			"rotation": {"angle": 22.5, "axis": "y", "origin": [8, 0, 7.75]},
			"faces": {
				"north": {"uv": [0, 0, 0, 16], "texture": "#0"},
				"east": {"uv": [3, 0, 12, 16], "texture": "#0"},
				"south": {"uv": [0, 0, 0, 16], "texture": "#0"},
				"west": {"uv": [12, 0, 3, 16], "texture": "#0"},
				"up": {"uv": [0, 0, 0, 8], "texture": "#0"},
				"down": {"uv": [0, 0, 0, 8], "texture": "#0"}
			}
		},
		{
			"from": [-0.75, -1, 6.25],
			"to": [8.25, 15, 6.25],
			"shade": false,
			"rotation": {"angle": -22.5, "axis": "y", "origin": [8, 0, 7.75]},
			"faces": {
				"north": {"uv": [12, 0, 3, 16], "texture": "#0"},
				"east": {"uv": [0, 0, 0, 16], "texture": "#0"},
				"south": {"uv": [3, 0, 12, 16], "texture": "#0"},
				"west": {"uv": [0, 0, 0, 16], "texture": "#0"},
				"up": {"uv": [0, 0, 0, 8], "rotation": 90, "texture": "#0"},
				"down": {"uv": [0, 0, 0, 8], "rotation": 270, "texture": "#0"}
			}
		},
		{
			"from": [3.75, -1, 1.75],
			"to": [3.75, 15, 10.75],
			"shade": false,
			"rotation": {"angle": -22.5, "axis": "y", "origin": [8, 0, 7.75]},
			"faces": {
				"north": {"uv": [0, 0, 0, 16], "texture": "#0"},
				"east": {"uv": [3, 0, 12, 16], "texture": "#0"},
				"south": {"uv": [0, 0, 0, 16], "texture": "#0"},
				"west": {"uv": [12, 0, 3, 16], "texture": "#0"},
				"up": {"uv": [0, 0, 0, 8], "texture": "#0"},
				"down": {"uv": [0, 0, 0, 8], "texture": "#0"}
			}
		},
		{
			"from": [2.25, -3, 8.25],
			"to": [11.25, 13, 8.25],
			"shade": false,
			"rotation": {"angle": 0, "axis": "y", "origin": [8, 0, 7.75]},
			"faces": {
				"north": {"uv": [12, 0, 3, 16], "texture": "#0"},
				"east": {"uv": [0, 0, 0, 16], "texture": "#0"},
				"south": {"uv": [3, 0, 12, 16], "texture": "#0"},
				"west": {"uv": [0, 0, 0, 16], "texture": "#0"},
				"up": {"uv": [0, 0, 0, 8], "rotation": 90, "texture": "#0"},
				"down": {"uv": [0, 0, 0, 8], "rotation": 270, "texture": "#0"}
			}
		},
		{
			"from": [6.75, -3, 3.75],
			"to": [6.75, 13, 12.75],
			"shade": false,
			"rotation": {"angle": 0, "axis": "y", "origin": [8, 0, 7.75]},
			"faces": {
				"north": {"uv": [0, 0, 0, 16], "texture": "#0"},
				"east": {"uv": [3, 0, 12, 16], "texture": "#0"},
				"south": {"uv": [0, 0, 0, 16], "texture": "#0"},
				"west": {"uv": [12, 0, 3, 16], "texture": "#0"},
				"up": {"uv": [0, 0, 0, 8], "texture": "#0"},
				"down": {"uv": [0, 0, 0, 8], "texture": "#0"}
			}
		},
		{
			"from": [-1.5, 0, 10],
			"to": [7.5, 16, 10],
			"shade": false,
			"rotation": {"angle": 22.5, "axis": "y", "origin": [8, 0, 7.75]},
			"faces": {
				"north": {"uv": [12, 0, 3, 16], "texture": "#0"},
				"east": {"uv": [0, 0, 0, 16], "texture": "#0"},
				"south": {"uv": [3, 0, 12, 16], "texture": "#0"},
				"west": {"uv": [0, 0, 0, 16], "texture": "#0"},
				"up": {"uv": [0, 0, 0, 8], "rotation": 90, "texture": "#0"},
				"down": {"uv": [0, 0, 0, 8], "rotation": 270, "texture": "#0"}
			}
		},
		{
			"from": [3, 0, 5.5],
			"to": [3, 16, 14.5],
			"shade": false,
			"rotation": {"angle": 22.5, "axis": "y", "origin": [8, 0, 7.75]},
			"faces": {
				"north": {"uv": [0, 0, 0, 16], "texture": "#0"},
				"east": {"uv": [3, 0, 12, 16], "texture": "#0"},
				"south": {"uv": [0, 0, 0, 16], "texture": "#0"},
				"west": {"uv": [12, 0, 3, 16], "texture": "#0"},
				"up": {"uv": [0, 0, 0, 8], "texture": "#0"},
				"down": {"uv": [0, 0, 0, 8], "texture": "#0"}
			}
		}
	],
	"gui_light": "front",
	"display": {
		"thirdperson_righthand": {
			"translation": [0, 3, 2],
			"scale": [0.4, 0.4, 0.4]
		},
		"thirdperson_lefthand": {
			"translation": [0, 3, 2],
			"scale": [0.4, 0.4, 0.4]
		},
		"firstperson_righthand": {
			"translation": [0, 3, 2],
			"scale": [0.4, 0.4, 0.4]
		},
		"firstperson_lefthand": {
			"translation": [0, 3, 2],
			"scale": [0.4, 0.4, 0.4]
		},
		"ground": {
			"translation": [0, 2, 0],
			"scale": [0.6, 0.6, 0.6]
		},
		"head": {
			"translation": [0, 14.5, 0]
		},
		"fixed": {
			"translation": [0, 0, 2.25]
		}
	},
	"groups": [
		{
			"name": "1",
			"origin": [8, 0, 8],
			"color": 0,
			"shade": false,
			"children": [0, 1]
		},
		{
			"name": "2",
			"origin": [8, 0, 8],
			"color": 0,
			"shade": false,
			"children": [2, 3]
		},
		{
			"name": "3",
			"origin": [8, 0, 8],
			"color": 0,
			"shade": false,
			"children": [4, 5]
		},
		{
			"name": "4",
			"origin": [8, 0, 8],
			"color": 0,
			"shade": false,
			"children": [6, 7]
		},
		{
			"name": "5",
			"origin": [8, 0, 8],
			"color": 0,
			"shade": false,
			"children": [8, 9]
		}
	]
}