{
	"credit": "Made with Blockbench",
	"ambientocclusion": false,
	"textures": {
		"0": "block/red_tulip",
		"particle": "block/red_tulip"
	},
	"elements": [
		{
			"from": [3.5, 0, 8],
			"to": [12.5, 16, 8],
			"shade": false,
			"rotation": {"angle": -22.5, "axis": "z", "origin": [8, 0, 8]},
			"faces": {
				"north": {"uv": [13, 0, 4, 16], "texture": "#0"},
				"east": {"uv": [1, 0, 1, 16], "texture": "#0"},
				"south": {"uv": [4, 0, 13, 16], "texture": "#0"},
				"west": {"uv": [1, 0, 1, 16], "texture": "#0"},
				"up": {"uv": [0, 0, 0, 8], "rotation": 90, "texture": "#0"},
				"down": {"uv": [0, 0, 0, 8], "rotation": 270, "texture": "#0"}
			}
		},
		{
			"from": [8, 0, 3.5],
			"to": [8, 16, 12.5],
			"shade": false,
			"rotation": {"angle": -22.5, "axis": "z", "origin": [8, 0, 8]},
			"faces": {
				"north": {"uv": [1, 0, 1, 16], "texture": "#0"},
				"east": {"uv": [4, 0, 13, 16], "texture": "#0"},
				"south": {"uv": [1, 0, 1, 16], "texture": "#0"},
				"west": {"uv": [13, 0, 4, 16], "texture": "#0"},
				"up": {"uv": [0, 0, 0, 8], "texture": "#0"},
				"down": {"uv": [0, 0, 0, 8], "texture": "#0"}
			}
		},
		{
			"from": [2.75, 0, 8],
			"to": [11.75, 16, 8],
			"shade": false,
			"rotation": {"angle": 22.5, "axis": "y", "origin": [8, 0, 8]},
			"faces": {
				"north": {"uv": [13, 0, 4, 16], "texture": "#0"},
				"east": {"uv": [1, 0, 1, 16], "texture": "#0"},
				"south": {"uv": [4, 0, 13, 16], "texture": "#0"},
				"west": {"uv": [1, 0, 1, 16], "texture": "#0"},
				"up": {"uv": [0, 0, 0, 8], "rotation": 90, "texture": "#0"},
				"down": {"uv": [0, 0, 0, 8], "rotation": 270, "texture": "#0"}
			}
		},
		{
			"from": [7.25, 0, 3.5],
			"to": [7.25, 16, 12.5],
			"shade": false,
			"rotation": {"angle": 22.5, "axis": "y", "origin": [8, 0, 8]},
			"faces": {
				"north": {"uv": [1, 0, 1, 16], "texture": "#0"},
				"east": {"uv": [4, 0, 13, 16], "texture": "#0"},
				"south": {"uv": [1, 0, 1, 16], "texture": "#0"},
				"west": {"uv": [13, 0, 4, 16], "texture": "#0"},
				"up": {"uv": [0, 0, 0, 8], "texture": "#0"},
				"down": {"uv": [0, 0, 0, 8], "texture": "#0"}
			}
		},
		{
			"from": [3.5, 0, 7.25],
			"to": [12.5, 16, 7.25],
			"shade": false,
			"rotation": {"angle": -22.5, "axis": "x", "origin": [8, 0, 8]},
			"faces": {
				"north": {"uv": [4, 0, 13, 16], "texture": "#0"},
				"east": {"uv": [1, 0, 1, 16], "texture": "#0"},
				"south": {"uv": [13, 0, 4, 16], "texture": "#0"},
				"west": {"uv": [1, 0, 1, 16], "texture": "#0"},
				"up": {"uv": [0, 0, 0, 8], "rotation": 90, "texture": "#0"},
				"down": {"uv": [0, 0, 0, 8], "rotation": 270, "texture": "#0"}
			}
		},
		{
			"from": [8, 0, 2.75],
			"to": [8, 16, 11.75],
			"shade": false,
			"rotation": {"angle": -22.5, "axis": "x", "origin": [8, 0, 8]},
			"faces": {
				"north": {"uv": [1, 0, 1, 16], "texture": "#0"},
				"east": {"uv": [13, 0, 4, 16], "texture": "#0"},
				"south": {"uv": [1, 0, 1, 16], "texture": "#0"},
				"west": {"uv": [4, 0, 13, 16], "texture": "#0"},
				"up": {"uv": [0, 0, 0, 8], "texture": "#0"},
				"down": {"uv": [0, 0, 0, 8], "texture": "#0"}
			}
		},
		{
			"from": [8.25, 0, 3.25],
			"to": [8.25, 16, 12.25],
			"shade": false,
			"rotation": {"angle": 22.5, "axis": "x", "origin": [8, 0, 8]},
			"faces": {
				"north": {"uv": [1, 0, 1, 16], "texture": "#0"},
				"east": {"uv": [4, 0, 13, 16], "texture": "#0"},
				"south": {"uv": [1, 0, 1, 16], "texture": "#0"},
				"west": {"uv": [13, 0, 4, 16], "texture": "#0"},
				"up": {"uv": [0, 0, 0, 8], "rotation": 180, "texture": "#0"},
				"down": {"uv": [0, 0, 0, 8], "rotation": 180, "texture": "#0"}
			}
		},
		{
			"from": [3.75, 0, 7.75],
			"to": [12.75, 16, 7.75],
			"shade": false,
			"rotation": {"angle": 22.5, "axis": "x", "origin": [8, 0, 8]},
			"faces": {
				"north": {"uv": [4, 0, 13, 16], "texture": "#0"},
				"east": {"uv": [1, 0, 1, 16], "texture": "#0"},
				"south": {"uv": [13, 0, 4, 16], "texture": "#0"},
				"west": {"uv": [1, 0, 1, 16], "texture": "#0"},
				"up": {"uv": [0, 0, 0, 8], "rotation": 90, "texture": "#0"},
				"down": {"uv": [0, 0, 0, 8], "rotation": 270, "texture": "#0"}
			}
		},
		{
			"from": [7.25, 0, 2.5],
			"to": [7.25, 16, 11.5],
			"shade": false,
			"rotation": {"angle": 22.5, "axis": "z", "origin": [8, 0, 8]},
			"faces": {
				"north": {"uv": [1, 0, 1, 16], "texture": "#0"},
				"east": {"uv": [4, 0, 13, 16], "texture": "#0"},
				"south": {"uv": [1, 0, 1, 16], "texture": "#0"},
				"west": {"uv": [13, 0, 4, 16], "texture": "#0"},
				"up": {"uv": [0, 0, 0, 8], "rotation": 180, "texture": "#0"},
				"down": {"uv": [0, 0, 0, 8], "rotation": 180, "texture": "#0"}
			}
		},
		{
			"from": [2.75, 0, 7],
			"to": [11.75, 16, 7],
			"shade": false,
			"rotation": {"angle": 22.5, "axis": "z", "origin": [8, 0, 8]},
			"faces": {
				"north": {"uv": [4, 0, 13, 16], "texture": "#0"},
				"east": {"uv": [1, 0, 1, 16], "texture": "#0"},
				"south": {"uv": [13, 0, 4, 16], "texture": "#0"},
				"west": {"uv": [1, 0, 1, 16], "texture": "#0"},
				"up": {"uv": [0, 0, 0, 8], "rotation": 90, "texture": "#0"},
				"down": {"uv": [0, 0, 0, 8], "rotation": 270, "texture": "#0"}
			}
		}
	],
	"gui_light": "front",
	"display": {
		"thirdperson_righthand": {
			"rotation": [-12, 24, 0],
			"translation": [0, 2.75, -0.5],
			"scale": [0.6, 0.6, 0.6]
		},
		"thirdperson_lefthand": {
			"rotation": [-12, 24, 0],
			"translation": [0, 2.75, -0.5],
			"scale": [0.6, 0.6, 0.6]
		},
		"firstperson_righthand": {
			"rotation": [-12, 24, 0],
			"translation": [0, 2.75, -0.5],
			"scale": [0.6, 0.6, 0.6]
		},
		"firstperson_lefthand": {
			"rotation": [-12, 24, 0],
			"translation": [0, 2.75, -0.5],
			"scale": [0.6, 0.6, 0.6]
		},
		"ground": {
			"translation": [0, 1.25, 0],
			"scale": [0.6, 0.6, 0.6]
		},
		"gui": {
			"translation": [0.25, 0.75, 0],
			"scale": [0.9, 0.9, 0.9]
		},
		"head": {
			"translation": [0, 14.5, 0]
		},
		"fixed": {
			"translation": [0.5, 1.25, -0.5],
			"scale": [1.3, 1.3, 1.3]
		}
	},
	"groups": [
		{
			"name": "1",
			"origin": [8, 0, 8],
			"color": 0,
			"shade": false,
			"children": [0, 1]
		},
		{
			"name": "2",
			"origin": [8, 0, 8],
			"color": 0,
			"shade": false,
			"children": [2, 3]
		},
		{
			"name": "3",
			"origin": [8, 0, 8],
			"color": 0,
			"shade": false,
			"children": [4, 5]
		},
		{
			"name": "4",
			"origin": [8, 0, 8],
			"color": 0,
			"shade": false,
			"children": [6, 7]
		},
		{
			"name": "5",
			"origin": [8, 0, 8],
			"color": 0,
			"shade": false,
			"children": [8, 9]
		}
	]
}