{
	"credit": "Made with Blockbench",
	"ambientocclusion": false,
	"textures": {
		"0": "minecraft:block/air",
		"particle": "minecraft:block/air"
	},
	"elements": [
		{
			"from": [6.5, 0, 11.5],
			"to": [15.5, 16, 11.5],
			"shade": false,
			"rotation": {"angle": 0, "axis": "y", "origin": [8, 0, 8]},
			"faces": {
				"north": {"uv": [13, 0, 4, 16], "texture": "#0"},
				"east": {"uv": [1, 0, 1, 16], "texture": "#0"},
				"south": {"uv": [4, 0, 13, 16], "texture": "#0"},
				"west": {"uv": [1, 0, 1, 16], "texture": "#0"},
				"up": {"uv": [0, 0, 0, 8], "rotation": 90, "texture": "#0"},
				"down": {"uv": [0, 0, 0, 8], "rotation": 270, "texture": "#0"}
			}
		},
		{
			"from": [11, 0, 7],
			"to": [11, 16, 16],
			"shade": false,
			"rotation": {"angle": 0, "axis": "y", "origin": [8, 0, 8]},
			"faces": {
				"north": {"uv": [1, 0, 1, 16], "texture": "#0"},
				"east": {"uv": [4, 0, 13, 16], "texture": "#0"},
				"south": {"uv": [1, 0, 1, 16], "texture": "#0"},
				"west": {"uv": [13, 0, 4, 16], "texture": "#0"},
				"up": {"uv": [0, 0, 0, 8], "texture": "#0"},
				"down": {"uv": [0, 0, 0, 8], "texture": "#0"}
			}
		},
		{
			"from": [-1.25, 0, 10],
			"to": [7.75, 16, 10],
			"shade": false,
			"rotation": {"angle": 22.5, "axis": "y", "origin": [8, 0, 8]},
			"faces": {
				"north": {"uv": [13, 0, 4, 16], "texture": "#0"},
				"east": {"uv": [1, 0, 1, 16], "texture": "#0"},
				"south": {"uv": [4, 0, 13, 16], "texture": "#0"},
				"west": {"uv": [1, 0, 1, 16], "texture": "#0"},
				"up": {"uv": [0, 0, 0, 8], "rotation": 90, "texture": "#0"},
				"down": {"uv": [0, 0, 0, 8], "rotation": 270, "texture": "#0"}
			}
		},
		{
			"from": [3.25, 0, 5.5],
			"to": [3.25, 16, 14.5],
			"shade": false,
			"rotation": {"angle": 22.5, "axis": "y", "origin": [8, 0, 8]},
			"faces": {
				"north": {"uv": [1, 0, 1, 16], "texture": "#0"},
				"east": {"uv": [4, 0, 13, 16], "texture": "#0"},
				"south": {"uv": [1, 0, 1, 16], "texture": "#0"},
				"west": {"uv": [13, 0, 4, 16], "texture": "#0"},
				"up": {"uv": [0, 0, 0, 8], "texture": "#0"},
				"down": {"uv": [0, 0, 0, 8], "texture": "#0"}
			}
		},
		{
			"from": [5.5, 0, 3.25],
			"to": [14.5, 16, 3.25],
			"shade": false,
			"rotation": {"angle": -22.5, "axis": "y", "origin": [8, 0, 8]},
			"faces": {
				"north": {"uv": [4, 0, 13, 16], "texture": "#0"},
				"east": {"uv": [1, 0, 1, 16], "texture": "#0"},
				"south": {"uv": [13, 0, 4, 16], "texture": "#0"},
				"west": {"uv": [1, 0, 1, 16], "texture": "#0"},
				"up": {"uv": [0, 0, 0, 8], "rotation": 90, "texture": "#0"},
				"down": {"uv": [0, 0, 0, 8], "rotation": 270, "texture": "#0"}
			}
		},
		{
			"from": [10, 0, -1.25],
			"to": [10, 16, 7.75],
			"shade": false,
			"rotation": {"angle": -22.5, "axis": "y", "origin": [8, 0, 8]},
			"faces": {
				"north": {"uv": [1, 0, 1, 16], "texture": "#0"},
				"east": {"uv": [13, 0, 4, 16], "texture": "#0"},
				"south": {"uv": [1, 0, 1, 16], "texture": "#0"},
				"west": {"uv": [4, 0, 13, 16], "texture": "#0"},
				"up": {"uv": [0, 0, 0, 8], "texture": "#0"},
				"down": {"uv": [0, 0, 0, 8], "texture": "#0"}
			}
		},
		{
			"from": [7, 0, 3.25],
			"to": [7, 16, 12.25],
			"shade": false,
			"rotation": {"angle": 22.5, "axis": "y", "origin": [8, 0, 8]},
			"faces": {
				"north": {"uv": [1, 0, 1, 16], "texture": "#0"},
				"east": {"uv": [4, 0, 13, 16], "texture": "#0"},
				"south": {"uv": [1, 0, 1, 16], "texture": "#0"},
				"west": {"uv": [13, 0, 4, 16], "texture": "#0"},
				"up": {"uv": [0, 0, 0, 8], "rotation": 180, "texture": "#0"},
				"down": {"uv": [0, 0, 0, 8], "rotation": 180, "texture": "#0"}
			}
		},
		{
			"from": [2.5, 0, 7.75],
			"to": [11.5, 16, 7.75],
			"shade": false,
			"rotation": {"angle": 22.5, "axis": "y", "origin": [8, 0, 8]},
			"faces": {
				"north": {"uv": [4, 0, 13, 16], "texture": "#0"},
				"east": {"uv": [1, 0, 1, 16], "texture": "#0"},
				"south": {"uv": [13, 0, 4, 16], "texture": "#0"},
				"west": {"uv": [1, 0, 1, 16], "texture": "#0"},
				"up": {"uv": [0, 0, 0, 8], "rotation": 90, "texture": "#0"},
				"down": {"uv": [0, 0, 0, 8], "rotation": 270, "texture": "#0"}
			}
		},
		{
			"from": [6.25, 0, -1.25],
			"to": [6.25, 16, 7.75],
			"shade": false,
			"rotation": {"angle": 22.5, "axis": "y", "origin": [8, 0, 8]},
			"faces": {
				"north": {"uv": [1, 0, 1, 16], "texture": "#0"},
				"east": {"uv": [4, 0, 13, 16], "texture": "#0"},
				"south": {"uv": [1, 0, 1, 16], "texture": "#0"},
				"west": {"uv": [13, 0, 4, 16], "texture": "#0"},
				"up": {"uv": [0, 0, 0, 8], "rotation": 180, "texture": "#0"},
				"down": {"uv": [0, 0, 0, 8], "rotation": 180, "texture": "#0"}
			}
		},
		{
			"from": [1.75, 0, 3.25],
			"to": [10.75, 16, 3.25],
			"shade": false,
			"rotation": {"angle": 22.5, "axis": "y", "origin": [8, 0, 8]},
			"faces": {
				"north": {"uv": [4, 0, 13, 16], "texture": "#0"},
				"east": {"uv": [1, 0, 1, 16], "texture": "#0"},
				"south": {"uv": [13, 0, 4, 16], "texture": "#0"},
				"west": {"uv": [1, 0, 1, 16], "texture": "#0"},
				"up": {"uv": [0, 0, 0, 8], "rotation": 90, "texture": "#0"},
				"down": {"uv": [0, 0, 0, 8], "rotation": 270, "texture": "#0"}
			}
		}
	],
	"gui_light": "front",
	"display": {
		"thirdperson_righthand": {
			"translation": [0, 3, 2],
			"scale": [0.4, 0.4, 0.4]
		},
		"thirdperson_lefthand": {
			"translation": [0, 3, 2],
			"scale": [0.4, 0.4, 0.4]
		},
		"firstperson_righthand": {
			"translation": [0, 3, 2],
			"scale": [0.4, 0.4, 0.4]
		},
		"firstperson_lefthand": {
			"translation": [0, 3, 2],
			"scale": [0.4, 0.4, 0.4]
		},
		"ground": {
			"translation": [0, 2, 0],
			"scale": [0.6, 0.6, 0.6]
		},
		"head": {
			"translation": [0, 14.5, 0]
		},
		"fixed": {
			"translation": [0, 0, 2.25]
		}
	},
	"groups": [
		{
			"name": "1",
			"origin": [8, 0, 8],
			"color": 0,
			"shade": false,
			"children": [0, 1]
		},
		{
			"name": "2",
			"origin": [8, 0, 8],
			"color": 0,
			"shade": false,
			"children": [2, 3]
		},
		{
			"name": "3",
			"origin": [8, 0, 8],
			"color": 0,
			"shade": false,
			"children": [4, 5]
		},
		{
			"name": "4",
			"origin": [8, 0, 8],
			"color": 0,
			"shade": false,
			"children": [6, 7]
		},
		{
			"name": "5",
			"origin": [8, 0, 8],
			"color": 0,
			"shade": false,
			"children": [8, 9]
		}
	]
}