{
	"credit": "Made with Blockbench",
	"ambientocclusion": false,
	"textures": {
		"0": "block/air",
		"1": "block/flower_pot",
		"2": "block/dirt",
		"particle": "block/air"
	},
	"elements": [
		{
			"from": [5, 0, 5],
			"to": [6, 6, 11],
			"faces": {
				"north": {"uv": [10, 10, 11, 16], "texture": "#1"},
				"east": {"uv": [5, 10, 11, 16], "texture": "#1"},
				"south": {"uv": [5, 10, 6, 16], "texture": "#1"},
				"west": {"uv": [5, 10, 11, 16], "texture": "#1"},
				"up": {"uv": [5, 5, 6, 11], "texture": "#1"},
				"down": {"uv": [5, 5, 6, 11], "texture": "#1", "cullface": "down"}
			}
		},
		{
			"from": [10, 0, 5],
			"to": [11, 6, 11],
			"faces": {
				"north": {"uv": [5, 10, 6, 16], "texture": "#1"},
				"east": {"uv": [5, 10, 11, 16], "texture": "#1"},
				"south": {"uv": [10, 10, 11, 16], "texture": "#1"},
				"west": {"uv": [5, 10, 11, 16], "texture": "#1"},
				"up": {"uv": [10, 5, 11, 11], "texture": "#1"},
				"down": {"uv": [10, 5, 11, 11], "texture": "#1", "cullface": "down"}
			}
		},
		{
			"from": [6, 0, 5],
			"to": [10, 6, 6],
			"faces": {
				"north": {"uv": [6, 10, 10, 16], "texture": "#1"},
				"east": {"uv": [0, 0, 0, 0], "texture": "#1"},
				"south": {"uv": [6, 10, 10, 16], "texture": "#1"},
				"west": {"uv": [0, 0, 0, 0], "texture": "#1"},
				"up": {"uv": [6, 5, 10, 6], "texture": "#1"},
				"down": {"uv": [6, 10, 10, 11], "texture": "#1", "cullface": "down"}
			}
		},
		{
			"from": [6, 0, 10],
			"to": [10, 6, 11],
			"faces": {
				"north": {"uv": [6, 10, 10, 16], "texture": "#1"},
				"east": {"uv": [0, 0, 0, 0], "texture": "#1"},
				"south": {"uv": [6, 10, 10, 16], "texture": "#1"},
				"west": {"uv": [0, 0, 0, 0], "texture": "#1"},
				"up": {"uv": [6, 10, 10, 11], "texture": "#1"},
				"down": {"uv": [6, 5, 10, 6], "texture": "#1", "cullface": "down"}
			}
		},
		{
			"from": [6, 0, 6],
			"to": [10, 4, 10],
			"faces": {
				"north": {"uv": [0, 0, 0, 0], "texture": "#2"},
				"east": {"uv": [0, 0, 0, 0], "texture": "#2"},
				"south": {"uv": [0, 0, 0, 0], "texture": "#2"},
				"west": {"uv": [0, 0, 0, 0], "texture": "#2"},
				"up": {"uv": [6, 6, 10, 10], "texture": "#2"},
				"down": {"uv": [6, 12, 10, 16], "texture": "#2", "cullface": "down"}
			}
		},
		{
			"from": [3.5, 4.25, 8.5],
			"to": [12.5, 20.25, 8.5],
			"shade": false,
			"rotation": {"angle": -22.5, "axis": "z", "origin": [8, 4.25, 8.5]},
			"faces": {
				"north": {"uv": [13, 0, 4, 16], "texture": "#0"},
				"east": {"uv": [1, 0, 1, 16], "texture": "#0"},
				"south": {"uv": [4, 0, 13, 16], "texture": "#0"},
				"west": {"uv": [1, 0, 1, 16], "texture": "#0"},
				"up": {"uv": [0, 0, 0, 8], "rotation": 90, "texture": "#0"},
				"down": {"uv": [0, 0, 0, 8], "rotation": 270, "texture": "#0"}
			}
		},
		{
			"from": [8, 4.25, 4],
			"to": [8, 20.25, 13],
			"shade": false,
			"rotation": {"angle": -22.5, "axis": "z", "origin": [8, 4.25, 8.5]},
			"faces": {
				"north": {"uv": [1, 0, 1, 16], "texture": "#0"},
				"east": {"uv": [4, 0, 13, 16], "texture": "#0"},
				"south": {"uv": [1, 0, 1, 16], "texture": "#0"},
				"west": {"uv": [13, 0, 4, 16], "texture": "#0"},
				"up": {"uv": [0, 0, 0, 8], "texture": "#0"},
				"down": {"uv": [0, 0, 0, 8], "texture": "#0"}
			}
		},
		{
			"from": [2.75, 4.25, 8.5],
			"to": [11.75, 20.25, 8.5],
			"shade": false,
			"rotation": {"angle": 22.5, "axis": "y", "origin": [8, 4.25, 8.5]},
			"faces": {
				"north": {"uv": [13, 0, 4, 16], "texture": "#0"},
				"east": {"uv": [1, 0, 1, 16], "texture": "#0"},
				"south": {"uv": [4, 0, 13, 16], "texture": "#0"},
				"west": {"uv": [1, 0, 1, 16], "texture": "#0"},
				"up": {"uv": [0, 0, 0, 8], "rotation": 90, "texture": "#0"},
				"down": {"uv": [0, 0, 0, 8], "rotation": 270, "texture": "#0"}
			}
		},
		{
			"from": [7.25, 4.25, 4],
			"to": [7.25, 20.25, 13],
			"shade": false,
			"rotation": {"angle": 22.5, "axis": "y", "origin": [8, 4.25, 8.5]},
			"faces": {
				"north": {"uv": [1, 0, 1, 16], "texture": "#0"},
				"east": {"uv": [4, 0, 13, 16], "texture": "#0"},
				"south": {"uv": [1, 0, 1, 16], "texture": "#0"},
				"west": {"uv": [13, 0, 4, 16], "texture": "#0"},
				"up": {"uv": [0, 0, 0, 8], "texture": "#0"},
				"down": {"uv": [0, 0, 0, 8], "texture": "#0"}
			}
		},
		{
			"from": [3.5, 4.25, 7.75],
			"to": [12.5, 20.25, 7.75],
			"shade": false,
			"rotation": {"angle": -22.5, "axis": "x", "origin": [8, 4.25, 8.5]},
			"faces": {
				"north": {"uv": [4, 0, 13, 16], "texture": "#0"},
				"east": {"uv": [1, 0, 1, 16], "texture": "#0"},
				"south": {"uv": [13, 0, 4, 16], "texture": "#0"},
				"west": {"uv": [1, 0, 1, 16], "texture": "#0"},
				"up": {"uv": [0, 0, 0, 8], "rotation": 90, "texture": "#0"},
				"down": {"uv": [0, 0, 0, 8], "rotation": 270, "texture": "#0"}
			}
		},
		{
			"from": [8, 4.25, 3.25],
			"to": [8, 20.25, 12.25],
			"shade": false,
			"rotation": {"angle": -22.5, "axis": "x", "origin": [8, 4.25, 8.5]},
			"faces": {
				"north": {"uv": [1, 0, 1, 16], "texture": "#0"},
				"east": {"uv": [13, 0, 4, 16], "texture": "#0"},
				"south": {"uv": [1, 0, 1, 16], "texture": "#0"},
				"west": {"uv": [4, 0, 13, 16], "texture": "#0"},
				"up": {"uv": [0, 0, 0, 8], "texture": "#0"},
				"down": {"uv": [0, 0, 0, 8], "texture": "#0"}
			}
		},
		{
			"from": [8.25, 4.25, 3.75],
			"to": [8.25, 20.25, 12.75],
			"shade": false,
			"rotation": {"angle": 22.5, "axis": "x", "origin": [8, 4.25, 8.5]},
			"faces": {
				"north": {"uv": [1, 0, 1, 16], "texture": "#0"},
				"east": {"uv": [4, 0, 13, 16], "texture": "#0"},
				"south": {"uv": [1, 0, 1, 16], "texture": "#0"},
				"west": {"uv": [13, 0, 4, 16], "texture": "#0"},
				"up": {"uv": [0, 0, 0, 8], "rotation": 180, "texture": "#0"},
				"down": {"uv": [0, 0, 0, 8], "rotation": 180, "texture": "#0"}
			}
		},
		{
			"from": [3.75, 4.25, 8.25],
			"to": [12.75, 20.25, 8.25],
			"shade": false,
			"rotation": {"angle": 22.5, "axis": "x", "origin": [8, 4.25, 8.5]},
			"faces": {
				"north": {"uv": [4, 0, 13, 16], "texture": "#0"},
				"east": {"uv": [1, 0, 1, 16], "texture": "#0"},
				"south": {"uv": [13, 0, 4, 16], "texture": "#0"},
				"west": {"uv": [1, 0, 1, 16], "texture": "#0"},
				"up": {"uv": [0, 0, 0, 8], "rotation": 90, "texture": "#0"},
				"down": {"uv": [0, 0, 0, 8], "rotation": 270, "texture": "#0"}
			}
		},
		{
			"from": [7.25, 4.25, 3],
			"to": [7.25, 20.25, 12],
			"shade": false,
			"rotation": {"angle": 22.5, "axis": "z", "origin": [8, 4.25, 8.5]},
			"faces": {
				"north": {"uv": [1, 0, 1, 16], "texture": "#0"},
				"east": {"uv": [4, 0, 13, 16], "texture": "#0"},
				"south": {"uv": [1, 0, 1, 16], "texture": "#0"},
				"west": {"uv": [13, 0, 4, 16], "texture": "#0"},
				"up": {"uv": [0, 0, 0, 8], "rotation": 180, "texture": "#0"},
				"down": {"uv": [0, 0, 0, 8], "rotation": 180, "texture": "#0"}
			}
		},
		{
			"from": [2.75, 4.25, 7.5],
			"to": [11.75, 20.25, 7.5],
			"shade": false,
			"rotation": {"angle": 22.5, "axis": "z", "origin": [8, 4.25, 8.5]},
			"faces": {
				"north": {"uv": [4, 0, 13, 16], "texture": "#0"},
				"east": {"uv": [1, 0, 1, 16], "texture": "#0"},
				"south": {"uv": [13, 0, 4, 16], "texture": "#0"},
				"west": {"uv": [1, 0, 1, 16], "texture": "#0"},
				"up": {"uv": [0, 0, 0, 8], "rotation": 90, "texture": "#0"},
				"down": {"uv": [0, 0, 0, 8], "rotation": 270, "texture": "#0"}
			}
		}
	],
	"gui_light": "front",
	"display": {
		"thirdperson_righthand": {
			"rotation": [-12, 24, 0],
			"translation": [0, 2.75, -0.5],
			"scale": [0.6, 0.6, 0.6]
		},
		"thirdperson_lefthand": {
			"rotation": [-12, 24, 0],
			"translation": [0, 2.75, -0.5],
			"scale": [0.6, 0.6, 0.6]
		},
		"firstperson_righthand": {
			"rotation": [-12, 24, 0],
			"translation": [0, 2.75, -0.5],
			"scale": [0.6, 0.6, 0.6]
		},
		"firstperson_lefthand": {
			"rotation": [-12, 24, 0],
			"translation": [0, 2.75, -0.5],
			"scale": [0.6, 0.6, 0.6]
		},
		"ground": {
			"translation": [0, 1.25, 0],
			"scale": [0.6, 0.6, 0.6]
		},
		"gui": {
			"translation": [0.25, 0.75, 0],
			"scale": [0.9, 0.9, 0.9]
		},
		"head": {
			"translation": [0, 14.5, 0]
		},
		"fixed": {
			"translation": [0.5, 1.25, -0.5],
			"scale": [1.3, 1.3, 1.3]
		}
	},
	"groups": [
		{
			"name": "pot",
			"origin": [0, 0, 0],
			"color": 0,
			"children": [0, 1, 2, 3, 4]
		},
		{
			"name": "flowers",
			"origin": [8, 8, 8],
			"color": 0,
			"children": [
				{
					"name": "1",
					"origin": [8, 0, 8],
					"color": 0,
					"shade": false,
					"children": [5, 6]
				},
				{
					"name": "2",
					"origin": [8, 0, 8],
					"color": 0,
					"shade": false,
					"children": [7, 8]
				},
				{
					"name": "3",
					"origin": [8, 0, 8],
					"color": 0,
					"shade": false,
					"children": [9, 10]
				},
				{
					"name": "4",
					"origin": [8, 0, 8],
					"color": 0,
					"shade": false,
					"children": [11, 12]
				},
				{
					"name": "5",
					"origin": [8, 0, 8],
					"color": 0,
					"shade": false,
					"children": [13, 14]
				}
			]
		}
	]
}